event_id,timestamp,unit_number,credential_id,holder_type,access_point,direction,result
EVT-002855,2026-08-01T06:00:00+08:00,B-06-02,B-06-02-ACT-07,access_card,main_lobby,entry,granted
EVT-002823,2026-08-01T06:12:00+08:00,B-06-02,B-06-02-ACT-05,access_card,main_lobby,entry,granted
EVT-002791,2026-08-01T06:16:00+08:00,B-06-02,B-06-02-ACT-03,access_card,main_lobby,exit,granted
EVT-002871,2026-08-01T06:50:00+08:00,B-06-02,B-06-02-ACT-08,access_card,main_lobby,entry,granted
EVT-002437,2026-08-01T07:11:00+08:00,B-07-01,B-07-01-RES-1,resident,main_lobby,exit,granted
EVT-001555,2026-08-01T07:12:00+08:00,B-03-01,B-03-01-RES-1,resident,main_lobby,exit,granted
EVT-000551,2026-08-01T07:22:00+08:00,A-04-02,A-04-02-RES-1,resident,main_lobby,exit,granted
EVT-001207,2026-08-01T07:28:00+08:00,A-07-02,A-07-02-RES-1,resident,main_lobby,exit,granted
EVT-001607,2026-08-01T07:37:00+08:00,B-03-01,B-03-01-RES-2,resident,main_lobby,exit,granted
EVT-001659,2026-08-01T07:37:00+08:00,B-03-01,B-03-01-RES-3,resident,main_lobby,exit,granted
EVT-000357,2026-08-01T07:40:00+08:00,A-03-02,A-03-02-RES-3,resident,main_lobby,exit,granted
EVT-001505,2026-08-01T07:41:00+08:00,B-02-02,B-02-02-RES-2,resident,main_lobby,exit,granted
EVT-001261,2026-08-01T07:55:00+08:00,A-07-02,A-07-02-RES-2,resident,main_lobby,exit,granted
EVT-000905,2026-08-01T08:00:00+08:00,A-06-01,A-06-01-RES-2,resident,main_lobby,exit,granted
EVT-000047,2026-08-01T08:04:00+08:00,A-02-02,A-02-02-RES-1,resident,main_lobby,exit,granted
EVT-001151,2026-08-01T08:21:00+08:00,A-07-01,A-07-01-RES-2,resident,main_lobby,exit,granted
EVT-000103,2026-08-01T08:23:00+08:00,A-02-02,A-02-02-RES-2,resident,main_lobby,exit,granted
EVT-000455,2026-08-01T08:30:00+08:00,A-04-01,A-04-01-RES-2,resident,main_lobby,exit,granted
EVT-001715,2026-08-01T08:30:00+08:00,B-03-02,B-03-02-RES-1,resident,main_lobby,exit,granted
EVT-001977,2026-08-01T08:33:00+08:00,B-04-02,B-04-02-RES-2,resident,main_lobby,exit,granted
EVT-000001,2026-08-01T08:34:00+08:00,A-02-01,A-02-01-RES-1,resident,main_lobby,exit,granted
EVT-001459,2026-08-01T08:46:00+08:00,B-02-02,B-02-02-RES-1,resident,main_lobby,exit,granted
EVT-000749,2026-08-01T08:50:00+08:00,A-05-02,A-05-02-RES-1,resident,main_lobby,exit,granted
EVT-000655,2026-08-01T08:53:00+08:00,A-05-01,A-05-01-RES-2,resident,main_lobby,exit,granted
EVT-001359,2026-08-01T08:57:00+08:00,B-02-01,B-02-01-RES-2,resident,main_lobby,exit,granted
EVT-002339,2026-08-01T09:12:00+08:00,B-06-02,B-06-02-RES-1,resident,main_lobby,exit,granted
EVT-002497,2026-08-01T09:12:00+08:00,B-07-01,B-07-01-RES-2,resident,main_lobby,exit,granted
EVT-002179,2026-08-01T09:18:00+08:00,B-05-02,B-05-02-RES-2,resident,main_lobby,exit,granted
EVT-002285,2026-08-01T09:26:00+08:00,B-06-01,B-06-01-RES-2,resident,main_lobby,exit,granted
EVT-001403,2026-08-01T09:28:00+08:00,B-02-01,B-02-01-RES-3,resident,main_lobby,exit,granted
EVT-001869,2026-08-01T09:38:00+08:00,B-04-01,B-04-01-RES-3,resident,main_lobby,exit,granted
EVT-000253,2026-08-01T09:40:00+08:00,A-03-02,A-03-02-RES-1,resident,main_lobby,exit,granted
EVT-000401,2026-08-01T09:57:00+08:00,A-04-01,A-04-01-RES-1,resident,main_lobby,exit,granted
EVT-002387,2026-08-01T09:58:00+08:00,B-06-02,B-06-02-RES-2,resident,main_lobby,exit,granted
EVT-000155,2026-08-01T10:00:00+08:00,A-03-01,A-03-01-RES-1,resident,main_lobby,exit,granted
EVT-000705,2026-08-01T10:16:00+08:00,A-05-01,A-05-01-RES-3,resident,main_lobby,exit,granted
EVT-000305,2026-08-01T10:19:00+08:00,A-03-02,A-03-02-RES-2,resident,main_lobby,exit,granted
EVT-002607,2026-08-01T10:20:00+08:00,B-07-02,B-07-02-RES-2,resident,main_lobby,exit,granted
EVT-002231,2026-08-01T10:22:00+08:00,B-06-01,B-06-01-RES-1,resident,main_lobby,exit,granted
EVT-001923,2026-08-01T10:23:00+08:00,B-04-02,B-04-02-RES-1,resident,main_lobby,exit,granted
EVT-000207,2026-08-01T10:26:00+08:00,A-03-01,A-03-01-RES-2,resident,main_lobby,exit,granted
EVT-000603,2026-08-01T10:32:00+08:00,A-05-01,A-05-01-RES-1,resident,main_lobby,exit,granted
EVT-001099,2026-08-01T10:38:00+08:00,A-07-01,A-07-01-RES-1,resident,main_lobby,exit,granted
EVT-000499,2026-08-01T10:54:00+08:00,A-04-01,A-04-01-RES-3,resident,main_lobby,exit,granted
EVT-002705,2026-08-01T15:00:00+08:00,B-04-01,B-04-01-WK-01-1,visitor_qr,main_lobby,entry,granted
EVT-002707,2026-08-01T15:20:00+08:00,B-04-01,B-04-01-WK-01-2,visitor_qr,main_lobby,entry,granted
EVT-002709,2026-08-01T15:40:00+08:00,B-04-01,B-04-01-WK-01-3,visitor_qr,main_lobby,entry,granted
EVT-000402,2026-08-01T17:02:00+08:00,A-04-01,A-04-01-RES-1,resident,main_lobby,entry,granted
EVT-002498,2026-08-01T17:07:00+08:00,B-07-01,B-07-01-RES-2,resident,main_lobby,entry,granted
EVT-000208,2026-08-01T17:13:00+08:00,A-03-01,A-03-01-RES-2,resident,main_lobby,entry,granted
EVT-001870,2026-08-01T17:18:00+08:00,B-04-01,B-04-01-RES-3,resident,main_lobby,entry,granted
EVT-000456,2026-08-01T17:39:00+08:00,A-04-01,A-04-01-RES-2,resident,main_lobby,entry,granted
EVT-001460,2026-08-01T17:44:00+08:00,B-02-02,B-02-02-RES-1,resident,main_lobby,entry,granted
EVT-000706,2026-08-01T17:48:00+08:00,A-05-01,A-05-01-RES-3,resident,main_lobby,entry,granted
EVT-001208,2026-08-01T17:49:00+08:00,A-07-02,A-07-02-RES-1,resident,main_lobby,entry,granted
EVT-001404,2026-08-01T18:02:00+08:00,B-02-01,B-02-01-RES-3,resident,main_lobby,entry,granted
EVT-000604,2026-08-01T18:03:00+08:00,A-05-01,A-05-01-RES-1,resident,main_lobby,entry,granted
EVT-002775,2026-08-01T18:14:00+08:00,B-06-02,B-06-02-ACT-02,access_card,main_lobby,exit,granted
EVT-002839,2026-08-01T18:52:00+08:00,B-06-02,B-06-02-ACT-06,access_card,main_lobby,entry,granted
EVT-000048,2026-08-01T19:01:00+08:00,A-02-02,A-02-02-RES-1,resident,main_lobby,entry,granted
EVT-000104,2026-08-01T19:10:00+08:00,A-02-02,A-02-02-RES-2,resident,main_lobby,entry,granted
EVT-002340,2026-08-01T19:22:00+08:00,B-06-02,B-06-02-RES-1,resident,main_lobby,entry,granted
EVT-000906,2026-08-01T19:24:00+08:00,A-06-01,A-06-01-RES-2,resident,main_lobby,entry,granted
EVT-002807,2026-08-01T19:27:00+08:00,B-06-02,B-06-02-ACT-04,access_card,main_lobby,exit,granted
EVT-000750,2026-08-01T19:32:00+08:00,A-05-02,A-05-02-RES-1,resident,main_lobby,entry,granted
EVT-000656,2026-08-01T20:05:00+08:00,A-05-01,A-05-01-RES-2,resident,main_lobby,entry,granted
EVT-000552,2026-08-01T20:07:00+08:00,A-04-02,A-04-02-RES-1,resident,main_lobby,entry,granted
EVT-001716,2026-08-01T20:07:00+08:00,B-03-02,B-03-02-RES-1,resident,main_lobby,entry,granted
EVT-001556,2026-08-01T20:13:00+08:00,B-03-01,B-03-01-RES-1,resident,main_lobby,entry,granted
EVT-000500,2026-08-01T20:27:00+08:00,A-04-01,A-04-01-RES-3,resident,main_lobby,entry,granted
EVT-002608,2026-08-01T20:41:00+08:00,B-07-02,B-07-02-RES-2,resident,main_lobby,entry,granted
EVT-001262,2026-08-01T20:44:00+08:00,A-07-02,A-07-02-RES-2,resident,main_lobby,entry,granted
EVT-000254,2026-08-01T20:45:00+08:00,A-03-02,A-03-02-RES-1,resident,main_lobby,entry,granted
EVT-001924,2026-08-01T21:00:00+08:00,B-04-02,B-04-02-RES-1,resident,main_lobby,entry,granted
EVT-001660,2026-08-01T21:10:00+08:00,B-03-01,B-03-01-RES-3,resident,main_lobby,entry,granted
EVT-001100,2026-08-01T21:12:00+08:00,A-07-01,A-07-01-RES-1,resident,main_lobby,entry,granted
EVT-002388,2026-08-01T21:21:00+08:00,B-06-02,B-06-02-RES-2,resident,main_lobby,entry,granted
EVT-001506,2026-08-01T21:24:00+08:00,B-02-02,B-02-02-RES-2,resident,main_lobby,entry,granted
EVT-001360,2026-08-01T21:26:00+08:00,B-02-01,B-02-01-RES-2,resident,main_lobby,entry,granted
EVT-000306,2026-08-01T21:27:00+08:00,A-03-02,A-03-02-RES-2,resident,main_lobby,entry,granted
EVT-001152,2026-08-01T21:27:00+08:00,A-07-01,A-07-01-RES-2,resident,main_lobby,entry,granted
EVT-001978,2026-08-01T21:43:00+08:00,B-04-02,B-04-02-RES-2,resident,main_lobby,entry,granted
EVT-000358,2026-08-01T21:51:00+08:00,A-03-02,A-03-02-RES-3,resident,main_lobby,entry,granted
EVT-002438,2026-08-01T21:57:00+08:00,B-07-01,B-07-01-RES-1,resident,main_lobby,entry,granted
EVT-000156,2026-08-01T21:59:00+08:00,A-03-01,A-03-01-RES-1,resident,main_lobby,entry,granted
EVT-002232,2026-08-01T22:08:00+08:00,B-06-01,B-06-01-RES-1,resident,main_lobby,entry,granted
EVT-000002,2026-08-01T22:15:00+08:00,A-02-01,A-02-01-RES-1,resident,main_lobby,entry,granted
EVT-002759,2026-08-01T22:24:00+08:00,B-06-02,B-06-02-ACT-01,access_card,main_lobby,exit,granted
EVT-002286,2026-08-01T22:27:00+08:00,B-06-01,B-06-01-RES-2,resident,main_lobby,entry,granted
EVT-001608,2026-08-01T22:36:00+08:00,B-03-01,B-03-01-RES-2,resident,main_lobby,entry,granted
EVT-002180,2026-08-01T22:47:00+08:00,B-05-02,B-05-02-RES-2,resident,main_lobby,entry,granted
EVT-002706,2026-08-02T02:00:00+08:00,B-04-01,B-04-01-WK-01-1,visitor_qr,main_lobby,exit,granted
EVT-002708,2026-08-02T03:20:00+08:00,B-04-01,B-04-01-WK-01-2,visitor_qr,main_lobby,exit,granted
EVT-002609,2026-08-02T07:13:00+08:00,B-07-02,B-07-02-RES-2,resident,main_lobby,exit,granted
EVT-001263,2026-08-02T07:14:00+08:00,A-07-02,A-07-02-RES-2,resident,main_lobby,exit,granted
EVT-000403,2026-08-02T07:18:00+08:00,A-04-01,A-04-01-RES-1,resident,main_lobby,exit,granted
EVT-001309,2026-08-02T07:19:00+08:00,B-02-01,B-02-01-RES-1,resident,main_lobby,exit,granted
EVT-001661,2026-08-02T07:24:00+08:00,B-03-01,B-03-01-RES-3,resident,main_lobby,exit,granted
EVT-001817,2026-08-02T07:24:00+08:00,B-04-01,B-04-01-RES-2,resident,main_lobby,exit,granted
EVT-002233,2026-08-02T07:31:00+08:00,B-06-01,B-06-01-RES-1,resident,main_lobby,exit,granted
EVT-000307,2026-08-02T07:39:00+08:00,A-03-02,A-03-02-RES-2,resident,main_lobby,exit,granted
EVT-002499,2026-08-02T07:47:00+08:00,B-07-01,B-07-01-RES-2,resident,main_lobby,exit,granted
EVT-002341,2026-08-02T07:49:00+08:00,B-06-02,B-06-02-RES-1,resident,main_lobby,exit,granted
EVT-000805,2026-08-02T08:13:00+08:00,A-05-02,A-05-02-RES-2,resident,main_lobby,exit,granted
EVT-002389,2026-08-02T08:13:00+08:00,B-06-02,B-06-02-RES-2,resident,main_lobby,exit,granted
EVT-000359,2026-08-02T08:19:00+08:00,A-03-02,A-03-02-RES-3,resident,main_lobby,exit,granted
EVT-001101,2026-08-02T08:19:00+08:00,A-07-01,A-07-01-RES-1,resident,main_lobby,exit,granted
EVT-000157,2026-08-02T08:23:00+08:00,A-03-01,A-03-01-RES-1,resident,main_lobby,exit,granted
EVT-002439,2026-08-02T08:25:00+08:00,B-07-01,B-07-01-RES-1,resident,main_lobby,exit,granted
EVT-000049,2026-08-02T08:37:00+08:00,A-02-02,A-02-02-RES-1,resident,main_lobby,exit,granted
EVT-001979,2026-08-02T08:38:00+08:00,B-04-02,B-04-02-RES-2,resident,main_lobby,exit,granted
EVT-001405,2026-08-02T08:41:00+08:00,B-02-01,B-02-01-RES-3,resident,main_lobby,exit,granted
EVT-001769,2026-08-02T08:44:00+08:00,B-04-01,B-04-01-RES-1,resident,main_lobby,exit,granted
EVT-000255,2026-08-02T08:46:00+08:00,A-03-02,A-03-02-RES-1,resident,main_lobby,exit,granted
EVT-001925,2026-08-02T08:48:00+08:00,B-04-02,B-04-02-RES-1,resident,main_lobby,exit,granted
EVT-000751,2026-08-02T08:50:00+08:00,A-05-02,A-05-02-RES-1,resident,main_lobby,exit,granted
EVT-001209,2026-08-02T08:51:00+08:00,A-07-02,A-07-02-RES-1,resident,main_lobby,exit,granted
EVT-000855,2026-08-02T09:14:00+08:00,A-06-01,A-06-01-RES-1,resident,main_lobby,exit,granted
EVT-000907,2026-08-02T09:21:00+08:00,A-06-01,A-06-01-RES-2,resident,main_lobby,exit,granted
EVT-000707,2026-08-02T09:22:00+08:00,A-05-01,A-05-01-RES-3,resident,main_lobby,exit,granted
EVT-002127,2026-08-02T09:26:00+08:00,B-05-02,B-05-02-RES-1,resident,main_lobby,exit,granted
EVT-002181,2026-08-02T09:26:00+08:00,B-05-02,B-05-02-RES-2,resident,main_lobby,exit,granted
EVT-000951,2026-08-02T09:29:00+08:00,A-06-01,A-06-01-RES-3,resident,main_lobby,exit,granted
EVT-001361,2026-08-02T09:29:00+08:00,B-02-01,B-02-01-RES-2,resident,main_lobby,exit,granted
EVT-000105,2026-08-02T09:39:00+08:00,A-02-02,A-02-02-RES-2,resident,main_lobby,exit,granted
EVT-000605,2026-08-02T09:45:00+08:00,A-05-01,A-05-01-RES-1,resident,main_lobby,exit,granted
EVT-001609,2026-08-02T09:46:00+08:00,B-03-01,B-03-01-RES-2,resident,main_lobby,exit,granted
EVT-002029,2026-08-02T10:00:00+08:00,B-05-01,B-05-01-RES-1,resident,main_lobby,exit,granted
EVT-000003,2026-08-02T10:17:00+08:00,A-02-01,A-02-01-RES-1,resident,main_lobby,exit,granted
EVT-001507,2026-08-02T10:23:00+08:00,B-02-02,B-02-02-RES-2,resident,main_lobby,exit,granted
EVT-001871,2026-08-02T10:24:00+08:00,B-04-01,B-04-01-RES-3,resident,main_lobby,exit,granted
EVT-000553,2026-08-02T10:33:00+08:00,A-04-02,A-04-02-RES-1,resident,main_lobby,exit,granted
EVT-002710,2026-08-02T10:40:00+08:00,B-04-01,B-04-01-WK-01-3,visitor_qr,main_lobby,exit,granted
EVT-000501,2026-08-02T10:45:00+08:00,A-04-01,A-04-01-RES-3,resident,main_lobby,exit,granted
EVT-001005,2026-08-02T10:48:00+08:00,A-06-02,A-06-02-RES-1,resident,main_lobby,exit,granted
EVT-002711,2026-08-02T15:00:00+08:00,B-04-01,B-04-01-WK-02-1,visitor_qr,main_lobby,entry,granted
EVT-002713,2026-08-02T15:20:00+08:00,B-04-01,B-04-01-WK-02-2,visitor_qr,main_lobby,entry,granted
EVT-001980,2026-08-02T17:11:00+08:00,B-04-02,B-04-02-RES-2,resident,main_lobby,entry,granted
EVT-001102,2026-08-02T17:25:00+08:00,A-07-01,A-07-01-RES-1,resident,main_lobby,entry,granted
EVT-001818,2026-08-02T17:27:00+08:00,B-04-01,B-04-01-RES-2,resident,main_lobby,entry,granted
EVT-000606,2026-08-02T17:32:00+08:00,A-05-01,A-05-01-RES-1,resident,main_lobby,entry,granted
EVT-000708,2026-08-02T17:55:00+08:00,A-05-01,A-05-01-RES-3,resident,main_lobby,entry,granted
EVT-000050,2026-08-02T18:00:00+08:00,A-02-02,A-02-02-RES-1,resident,main_lobby,entry,granted
EVT-000752,2026-08-02T18:15:00+08:00,A-05-02,A-05-02-RES-1,resident,main_lobby,entry,granted
EVT-001508,2026-08-02T18:28:00+08:00,B-02-02,B-02-02-RES-2,resident,main_lobby,entry,granted
EVT-002500,2026-08-02T18:51:00+08:00,B-07-01,B-07-01-RES-2,resident,main_lobby,entry,granted
EVT-002030,2026-08-02T18:54:00+08:00,B-05-01,B-05-01-RES-1,resident,main_lobby,entry,granted
EVT-002182,2026-08-02T18:54:00+08:00,B-05-02,B-05-02-RES-2,resident,main_lobby,entry,granted
EVT-002610,2026-08-02T18:56:00+08:00,B-07-02,B-07-02-RES-2,resident,main_lobby,entry,granted
EVT-002342,2026-08-02T19:10:00+08:00,B-06-02,B-06-02-RES-1,resident,main_lobby,entry,granted
EVT-000404,2026-08-02T19:23:00+08:00,A-04-01,A-04-01-RES-1,resident,main_lobby,entry,granted
EVT-001406,2026-08-02T19:31:00+08:00,B-02-01,B-02-01-RES-3,resident,main_lobby,entry,granted
EVT-000908,2026-08-02T19:37:00+08:00,A-06-01,A-06-01-RES-2,resident,main_lobby,entry,granted
EVT-000856,2026-08-02T19:49:00+08:00,A-06-01,A-06-01-RES-1,resident,main_lobby,entry,granted
EVT-001006,2026-08-02T19:58:00+08:00,A-06-02,A-06-02-RES-1,resident,main_lobby,entry,granted
EVT-000158,2026-08-02T20:04:00+08:00,A-03-01,A-03-01-RES-1,resident,main_lobby,entry,granted
EVT-000502,2026-08-02T20:04:00+08:00,A-04-01,A-04-01-RES-3,resident,main_lobby,entry,granted
EVT-001264,2026-08-02T20:05:00+08:00,A-07-02,A-07-02-RES-2,resident,main_lobby,entry,granted
EVT-002440,2026-08-02T20:20:00+08:00,B-07-01,B-07-01-RES-1,resident,main_lobby,entry,granted
EVT-001872,2026-08-02T20:52:00+08:00,B-04-01,B-04-01-RES-3,resident,main_lobby,entry,granted
EVT-000360,2026-08-02T21:00:00+08:00,A-03-02,A-03-02-RES-3,resident,main_lobby,entry,granted
EVT-001926,2026-08-02T21:08:00+08:00,B-04-02,B-04-02-RES-1,resident,main_lobby,entry,granted
EVT-001770,2026-08-02T21:11:00+08:00,B-04-01,B-04-01-RES-1,resident,main_lobby,entry,granted
EVT-000806,2026-08-02T21:22:00+08:00,A-05-02,A-05-02-RES-2,resident,main_lobby,entry,granted
EVT-000256,2026-08-02T21:41:00+08:00,A-03-02,A-03-02-RES-1,resident,main_lobby,entry,granted
EVT-001362,2026-08-02T22:05:00+08:00,B-02-01,B-02-01-RES-2,resident,main_lobby,entry,granted
EVT-000308,2026-08-02T22:06:00+08:00,A-03-02,A-03-02-RES-2,resident,main_lobby,entry,granted
EVT-002390,2026-08-02T22:08:00+08:00,B-06-02,B-06-02-RES-2,resident,main_lobby,entry,granted
EVT-001610,2026-08-02T22:14:00+08:00,B-03-01,B-03-01-RES-2,resident,main_lobby,entry,granted
EVT-001662,2026-08-02T22:16:00+08:00,B-03-01,B-03-01-RES-3,resident,main_lobby,entry,granted
EVT-000554,2026-08-02T22:19:00+08:00,A-04-02,A-04-02-RES-1,resident,main_lobby,entry,granted
EVT-002234,2026-08-02T22:28:00+08:00,B-06-01,B-06-01-RES-1,resident,main_lobby,entry,granted
EVT-000106,2026-08-02T22:33:00+08:00,A-02-02,A-02-02-RES-2,resident,main_lobby,entry,granted
EVT-001210,2026-08-02T22:37:00+08:00,A-07-02,A-07-02-RES-1,resident,main_lobby,entry,granted
EVT-002128,2026-08-02T22:39:00+08:00,B-05-02,B-05-02-RES-1,resident,main_lobby,entry,granted
EVT-000004,2026-08-02T22:44:00+08:00,A-02-01,A-02-01-RES-1,resident,main_lobby,entry,granted
EVT-000952,2026-08-02T22:46:00+08:00,A-06-01,A-06-01-RES-3,resident,main_lobby,entry,granted
EVT-001310,2026-08-02T22:47:00+08:00,B-02-01,B-02-01-RES-1,resident,main_lobby,entry,granted
EVT-002129,2026-08-03T07:05:00+08:00,B-05-02,B-05-02-RES-1,resident,main_lobby,exit,granted
EVT-001265,2026-08-03T07:06:00+08:00,A-07-02,A-07-02-RES-2,resident,main_lobby,exit,granted
EVT-002549,2026-08-03T07:06:00+08:00,B-07-02,B-07-02-RES-1,resident,main_lobby,exit,granted
EVT-001461,2026-08-03T07:11:00+08:00,B-02-02,B-02-02-RES-1,resident,main_lobby,exit,granted
EVT-000051,2026-08-03T07:14:00+08:00,A-02-02,A-02-02-RES-1,resident,main_lobby,exit,granted
EVT-000361,2026-08-03T07:14:00+08:00,A-03-02,A-03-02-RES-3,resident,main_lobby,exit,granted
EVT-000607,2026-08-03T07:15:00+08:00,A-05-01,A-05-01-RES-1,resident,main_lobby,exit,granted
EVT-000909,2026-08-03T07:16:00+08:00,A-06-01,A-06-01-RES-2,resident,main_lobby,exit,granted
EVT-001717,2026-08-03T07:16:00+08:00,B-03-02,B-03-02-RES-1,resident,main_lobby,exit,granted
EVT-000753,2026-08-03T07:23:00+08:00,A-05-02,A-05-02-RES-1,resident,main_lobby,exit,granted
EVT-002792,2026-08-03T07:28:00+08:00,B-06-02,B-06-02-ACT-03,access_card,main_lobby,entry,granted
EVT-001663,2026-08-03T07:38:00+08:00,B-03-01,B-03-01-RES-3,resident,main_lobby,exit,granted
EVT-002611,2026-08-03T07:48:00+08:00,B-07-02,B-07-02-RES-2,resident,main_lobby,exit,granted
EVT-000209,2026-08-03T07:54:00+08:00,A-03-01,A-03-01-RES-2,resident,main_lobby,exit,granted
EVT-001981,2026-08-03T07:56:00+08:00,B-04-02,B-04-02-RES-2,resident,main_lobby,exit,granted
EVT-002856,2026-08-03T07:59:00+08:00,B-06-02,B-06-02-ACT-07,access_card,main_lobby,entry,granted
EVT-002712,2026-08-03T08:00:00+08:00,B-04-01,B-04-01-WK-02-1,visitor_qr,main_lobby,exit,granted
EVT-001771,2026-08-03T08:06:00+08:00,B-04-01,B-04-01-RES-1,resident,main_lobby,exit,granted
EVT-001311,2026-08-03T08:07:00+08:00,B-02-01,B-02-01-RES-1,resident,main_lobby,exit,granted
EVT-002183,2026-08-03T08:18:00+08:00,B-05-02,B-05-02-RES-2,resident,main_lobby,exit,granted
EVT-002441,2026-08-03T08:29:00+08:00,B-07-01,B-07-01-RES-1,resident,main_lobby,exit,granted
EVT-000405,2026-08-03T08:33:00+08:00,A-04-01,A-04-01-RES-1,resident,main_lobby,exit,granted
EVT-001927,2026-08-03T08:36:00+08:00,B-04-02,B-04-02-RES-1,resident,main_lobby,exit,granted
EVT-002287,2026-08-03T08:36:00+08:00,B-06-01,B-06-01-RES-2,resident,main_lobby,exit,granted
EVT-001363,2026-08-03T08:40:00+08:00,B-02-01,B-02-01-RES-2,resident,main_lobby,exit,granted
EVT-000457,2026-08-03T08:41:00+08:00,A-04-01,A-04-01-RES-2,resident,main_lobby,exit,granted
EVT-000857,2026-08-03T08:44:00+08:00,A-06-01,A-06-01-RES-1,resident,main_lobby,exit,granted
EVT-002391,2026-08-03T08:55:00+08:00,B-06-02,B-06-02-RES-2,resident,main_lobby,exit,granted
EVT-000709,2026-08-03T09:07:00+08:00,A-05-01,A-05-01-RES-3,resident,main_lobby,exit,granted
EVT-001819,2026-08-03T09:08:00+08:00,B-04-01,B-04-01-RES-2,resident,main_lobby,exit,granted
EVT-002031,2026-08-03T09:12:00+08:00,B-05-01,B-05-01-RES-1,resident,main_lobby,exit,granted
EVT-001007,2026-08-03T09:26:00+08:00,A-06-02,A-06-02-RES-1,resident,main_lobby,exit,granted
EVT-000807,2026-08-03T09:31:00+08:00,A-05-02,A-05-02-RES-2,resident,main_lobby,exit,granted
EVT-002081,2026-08-03T09:31:00+08:00,B-05-01,B-05-01-RES-2,resident,main_lobby,exit,granted
EVT-000005,2026-08-03T09:53:00+08:00,A-02-01,A-02-01-RES-1,resident,main_lobby,exit,granted
EVT-000107,2026-08-03T09:59:00+08:00,A-02-02,A-02-02-RES-2,resident,main_lobby,exit,granted
EVT-001407,2026-08-03T10:03:00+08:00,B-02-01,B-02-01-RES-3,resident,main_lobby,exit,granted
EVT-001211,2026-08-03T10:10:00+08:00,A-07-02,A-07-02-RES-1,resident,main_lobby,exit,granted
EVT-001873,2026-08-03T10:10:00+08:00,B-04-01,B-04-01-RES-3,resident,main_lobby,exit,granted
EVT-002235,2026-08-03T10:12:00+08:00,B-06-01,B-06-01-RES-1,resident,main_lobby,exit,granted
EVT-001051,2026-08-03T10:17:00+08:00,A-06-02,A-06-02-RES-2,resident,main_lobby,exit,granted
EVT-002501,2026-08-03T10:26:00+08:00,B-07-01,B-07-01-RES-2,resident,main_lobby,exit,granted
EVT-000257,2026-08-03T10:29:00+08:00,A-03-02,A-03-02-RES-1,resident,main_lobby,exit,granted
EVT-001509,2026-08-03T10:29:00+08:00,B-02-02,B-02-02-RES-2,resident,main_lobby,exit,granted
EVT-000555,2026-08-03T10:38:00+08:00,A-04-02,A-04-02-RES-1,resident,main_lobby,exit,granted
EVT-001153,2026-08-03T10:40:00+08:00,A-07-01,A-07-01-RES-2,resident,main_lobby,exit,granted
EVT-001557,2026-08-03T10:48:00+08:00,B-03-01,B-03-01-RES-1,resident,main_lobby,exit,granted
EVT-001103,2026-08-03T10:51:00+08:00,A-07-01,A-07-01-RES-1,resident,main_lobby,exit,granted
EVT-000953,2026-08-03T10:52:00+08:00,A-06-01,A-06-01-RES-3,resident,main_lobby,exit,granted
EVT-000657,2026-08-03T10:56:00+08:00,A-05-01,A-05-01-RES-2,resident,main_lobby,exit,granted
EVT-001611,2026-08-03T10:58:00+08:00,B-03-01,B-03-01-RES-2,resident,main_lobby,exit,granted
EVT-002714,2026-08-03T13:20:00+08:00,B-04-01,B-04-01-WK-02-2,visitor_qr,main_lobby,exit,granted
EVT-002659,2026-08-03T15:00:00+08:00,A-03-01,A-03-01-GUEST-01,visitor_card,main_lobby,entry,granted
EVT-002660,2026-08-03T15:04:00+08:00,A-03-01,A-03-01-GUEST-01,visitor_card,lift_lobby,entry,granted
EVT-000556,2026-08-03T17:00:00+08:00,A-04-02,A-04-02-RES-1,resident,main_lobby,entry,granted
EVT-000006,2026-08-03T17:14:00+08:00,A-02-01,A-02-01-RES-1,resident,main_lobby,entry,granted
EVT-001408,2026-08-03T17:17:00+08:00,B-02-01,B-02-01-RES-3,resident,main_lobby,entry,granted
EVT-002502,2026-08-03T17:21:00+08:00,B-07-01,B-07-01-RES-2,resident,main_lobby,entry,granted
EVT-000362,2026-08-03T17:29:00+08:00,A-03-02,A-03-02-RES-3,resident,main_lobby,entry,granted
EVT-001008,2026-08-03T17:36:00+08:00,A-06-02,A-06-02-RES-1,resident,main_lobby,entry,granted
EVT-000458,2026-08-03T17:40:00+08:00,A-04-01,A-04-01-RES-2,resident,main_lobby,entry,granted
EVT-002184,2026-08-03T17:40:00+08:00,B-05-02,B-05-02-RES-2,resident,main_lobby,entry,granted
EVT-001664,2026-08-03T17:42:00+08:00,B-03-01,B-03-01-RES-3,resident,main_lobby,entry,granted
EVT-001312,2026-08-03T17:45:00+08:00,B-02-01,B-02-01-RES-1,resident,main_lobby,entry,granted
EVT-002032,2026-08-03T17:50:00+08:00,B-05-01,B-05-01-RES-1,resident,main_lobby,entry,granted
EVT-000052,2026-08-03T17:57:00+08:00,A-02-02,A-02-02-RES-1,resident,main_lobby,entry,granted
EVT-001052,2026-08-03T17:59:00+08:00,A-06-02,A-06-02-RES-2,resident,main_lobby,entry,granted
EVT-002760,2026-08-03T18:09:00+08:00,B-06-02,B-06-02-ACT-01,access_card,main_lobby,exit,granted
EVT-001154,2026-08-03T18:11:00+08:00,A-07-01,A-07-01-RES-2,resident,main_lobby,entry,granted
EVT-002776,2026-08-03T18:12:00+08:00,B-06-02,B-06-02-ACT-02,access_card,main_lobby,entry,granted
EVT-000954,2026-08-03T18:15:00+08:00,A-06-01,A-06-01-RES-3,resident,main_lobby,entry,granted
EVT-002392,2026-08-03T18:19:00+08:00,B-06-02,B-06-02-RES-2,resident,main_lobby,entry,granted
EVT-002130,2026-08-03T18:21:00+08:00,B-05-02,B-05-02-RES-1,resident,main_lobby,entry,granted
EVT-001820,2026-08-03T18:37:00+08:00,B-04-01,B-04-01-RES-2,resident,main_lobby,entry,granted
EVT-002612,2026-08-03T18:42:00+08:00,B-07-02,B-07-02-RES-2,resident,main_lobby,entry,granted
EVT-001510,2026-08-03T19:14:00+08:00,B-02-02,B-02-02-RES-2,resident,main_lobby,entry,granted
EVT-001266,2026-08-03T19:23:00+08:00,A-07-02,A-07-02-RES-2,resident,main_lobby,entry,granted
EVT-000710,2026-08-03T19:27:00+08:00,A-05-01,A-05-01-RES-3,resident,main_lobby,entry,granted
EVT-001104,2026-08-03T19:28:00+08:00,A-07-01,A-07-01-RES-1,resident,main_lobby,entry,granted
EVT-002840,2026-08-03T19:39:00+08:00,B-06-02,B-06-02-ACT-06,access_card,main_lobby,entry,granted
EVT-000658,2026-08-03T19:59:00+08:00,A-05-01,A-05-01-RES-2,resident,main_lobby,entry,granted
EVT-001364,2026-08-03T20:04:00+08:00,B-02-01,B-02-01-RES-2,resident,main_lobby,entry,granted
EVT-000406,2026-08-03T20:36:00+08:00,A-04-01,A-04-01-RES-1,resident,main_lobby,entry,granted
EVT-001772,2026-08-03T20:42:00+08:00,B-04-01,B-04-01-RES-1,resident,main_lobby,entry,granted
EVT-000258,2026-08-03T20:52:00+08:00,A-03-02,A-03-02-RES-1,resident,main_lobby,entry,granted
EVT-001212,2026-08-03T21:08:00+08:00,A-07-02,A-07-02-RES-1,resident,main_lobby,entry,granted
EVT-002236,2026-08-03T21:11:00+08:00,B-06-01,B-06-01-RES-1,resident,main_lobby,entry,granted
EVT-002288,2026-08-03T21:13:00+08:00,B-06-01,B-06-01-RES-2,resident,main_lobby,entry,granted
EVT-001874,2026-08-03T21:14:00+08:00,B-04-01,B-04-01-RES-3,resident,main_lobby,entry,granted
EVT-001462,2026-08-03T21:20:00+08:00,B-02-02,B-02-02-RES-1,resident,main_lobby,entry,granted
EVT-000210,2026-08-03T21:24:00+08:00,A-03-01,A-03-01-RES-2,resident,main_lobby,entry,granted
EVT-001982,2026-08-03T21:32:00+08:00,B-04-02,B-04-02-RES-2,resident,main_lobby,entry,granted
EVT-000754,2026-08-03T21:36:00+08:00,A-05-02,A-05-02-RES-1,resident,main_lobby,entry,granted
EVT-001928,2026-08-03T21:42:00+08:00,B-04-02,B-04-02-RES-1,resident,main_lobby,entry,granted
EVT-002550,2026-08-03T21:49:00+08:00,B-07-02,B-07-02-RES-1,resident,main_lobby,entry,granted
EVT-001558,2026-08-03T21:55:00+08:00,B-03-01,B-03-01-RES-1,resident,main_lobby,entry,granted
EVT-002082,2026-08-03T21:55:00+08:00,B-05-01,B-05-01-RES-2,resident,main_lobby,entry,granted
EVT-000808,2026-08-03T21:56:00+08:00,A-05-02,A-05-02-RES-2,resident,main_lobby,entry,granted
EVT-002442,2026-08-03T21:57:00+08:00,B-07-01,B-07-01-RES-1,resident,main_lobby,entry,granted
EVT-000108,2026-08-03T22:06:00+08:00,A-02-02,A-02-02-RES-2,resident,main_lobby,entry,granted
EVT-001718,2026-08-03T22:20:00+08:00,B-03-02,B-03-02-RES-1,resident,main_lobby,entry,granted
EVT-001612,2026-08-03T22:22:00+08:00,B-03-01,B-03-01-RES-2,resident,main_lobby,entry,granted
EVT-000910,2026-08-03T22:23:00+08:00,A-06-01,A-06-01-RES-2,resident,main_lobby,entry,granted
EVT-000608,2026-08-03T22:28:00+08:00,A-05-01,A-05-01-RES-1,resident,main_lobby,entry,granted
EVT-000858,2026-08-03T22:31:00+08:00,A-06-01,A-06-01-RES-1,resident,main_lobby,entry,granted
EVT-002824,2026-08-03T22:37:00+08:00,B-06-02,B-06-02-ACT-05,access_card,main_lobby,entry,granted
EVT-002808,2026-08-03T22:49:00+08:00,B-06-02,B-06-02-ACT-04,access_card,main_lobby,entry,granted
EVT-002872,2026-08-03T22:54:00+08:00,B-06-02,B-06-02-ACT-08,access_card,main_lobby,exit,granted
EVT-001665,2026-08-04T07:03:00+08:00,B-03-01,B-03-01-RES-3,resident,main_lobby,exit,granted
EVT-001313,2026-08-04T07:10:00+08:00,B-02-01,B-02-01-RES-1,resident,main_lobby,exit,granted
EVT-000659,2026-08-04T07:25:00+08:00,A-05-01,A-05-01-RES-2,resident,main_lobby,exit,granted
EVT-001365,2026-08-04T07:27:00+08:00,B-02-01,B-02-01-RES-2,resident,main_lobby,exit,granted
EVT-001983,2026-08-04T07:30:00+08:00,B-04-02,B-04-02-RES-2,resident,main_lobby,exit,granted
EVT-001559,2026-08-04T07:32:00+08:00,B-03-01,B-03-01-RES-1,resident,main_lobby,exit,granted
EVT-000911,2026-08-04T07:42:00+08:00,A-06-01,A-06-01-RES-2,resident,main_lobby,exit,granted
EVT-002503,2026-08-04T08:00:00+08:00,B-07-01,B-07-01-RES-2,resident,main_lobby,exit,granted
EVT-000503,2026-08-04T08:04:00+08:00,A-04-01,A-04-01-RES-3,resident,main_lobby,exit,granted
EVT-000407,2026-08-04T08:10:00+08:00,A-04-01,A-04-01-RES-1,resident,main_lobby,exit,granted
EVT-000309,2026-08-04T08:16:00+08:00,A-03-02,A-03-02-RES-2,resident,main_lobby,exit,granted
EVT-000955,2026-08-04T08:17:00+08:00,A-06-01,A-06-01-RES-3,resident,main_lobby,exit,granted
EVT-001105,2026-08-04T08:19:00+08:00,A-07-01,A-07-01-RES-1,resident,main_lobby,exit,granted
EVT-002393,2026-08-04T08:27:00+08:00,B-06-02,B-06-02-RES-2,resident,main_lobby,exit,granted
EVT-000755,2026-08-04T08:39:00+08:00,A-05-02,A-05-02-RES-1,resident,main_lobby,exit,granted
EVT-002033,2026-08-04T08:39:00+08:00,B-05-01,B-05-01-RES-1,resident,main_lobby,exit,granted
EVT-001719,2026-08-04T08:42:00+08:00,B-03-02,B-03-02-RES-1,resident,main_lobby,exit,granted
EVT-002083,2026-08-04T08:48:00+08:00,B-05-01,B-05-01-RES-2,resident,main_lobby,exit,granted
EVT-000557,2026-08-04T08:49:00+08:00,A-04-02,A-04-02-RES-1,resident,main_lobby,exit,granted
EVT-001213,2026-08-04T08:51:00+08:00,A-07-02,A-07-02-RES-1,resident,main_lobby,exit,granted
EVT-001613,2026-08-04T08:53:00+08:00,B-03-01,B-03-01-RES-2,resident,main_lobby,exit,granted
EVT-002443,2026-08-04T08:56:00+08:00,B-07-01,B-07-01-RES-1,resident,main_lobby,exit,granted
EVT-002551,2026-08-04T09:01:00+08:00,B-07-02,B-07-02-RES-1,resident,main_lobby,exit,granted
EVT-000053,2026-08-04T09:04:00+08:00,A-02-02,A-02-02-RES-1,resident,main_lobby,exit,granted
EVT-000211,2026-08-04T09:19:00+08:00,A-03-01,A-03-01-RES-2,resident,main_lobby,exit,granted
EVT-000259,2026-08-04T09:20:00+08:00,A-03-02,A-03-02-RES-1,resident,main_lobby,exit,granted
EVT-002289,2026-08-04T09:23:00+08:00,B-06-01,B-06-01-RES-2,resident,main_lobby,exit,granted
EVT-002613,2026-08-04T09:24:00+08:00,B-07-02,B-07-02-RES-2,resident,main_lobby,exit,granted
EVT-001773,2026-08-04T09:32:00+08:00,B-04-01,B-04-01-RES-1,resident,main_lobby,exit,granted
EVT-000859,2026-08-04T09:35:00+08:00,A-06-01,A-06-01-RES-1,resident,main_lobby,exit,granted
EVT-002131,2026-08-04T09:41:00+08:00,B-05-02,B-05-02-RES-1,resident,main_lobby,exit,granted
EVT-002237,2026-08-04T09:46:00+08:00,B-06-01,B-06-01-RES-1,resident,main_lobby,exit,granted
EVT-001053,2026-08-04T09:57:00+08:00,A-06-02,A-06-02-RES-2,resident,main_lobby,exit,granted
EVT-002661,2026-08-04T10:00:00+08:00,A-03-01,A-03-01-GUEST-01,visitor_card,main_lobby,exit,granted
EVT-001409,2026-08-04T10:12:00+08:00,B-02-01,B-02-01-RES-3,resident,main_lobby,exit,granted
EVT-002185,2026-08-04T10:17:00+08:00,B-05-02,B-05-02-RES-2,resident,main_lobby,exit,granted
EVT-001155,2026-08-04T10:25:00+08:00,A-07-01,A-07-01-RES-2,resident,main_lobby,exit,granted
EVT-002343,2026-08-04T10:39:00+08:00,B-06-02,B-06-02-RES-1,resident,main_lobby,exit,granted
EVT-001875,2026-08-04T10:50:00+08:00,B-04-01,B-04-01-RES-3,resident,main_lobby,exit,granted
EVT-002887,2026-08-04T14:55:00+08:00,A-07-02,A-07-02-G-01,visitor_card,main_lobby,entry,granted
EVT-000756,2026-08-04T17:04:00+08:00,A-05-02,A-05-02-RES-1,resident,main_lobby,entry,granted
EVT-000912,2026-08-04T17:29:00+08:00,A-06-01,A-06-01-RES-2,resident,main_lobby,entry,granted
EVT-001214,2026-08-04T17:36:00+08:00,A-07-02,A-07-02-RES-1,resident,main_lobby,entry,granted
EVT-001156,2026-08-04T17:47:00+08:00,A-07-01,A-07-01-RES-2,resident,main_lobby,entry,granted
EVT-001560,2026-08-04T18:04:00+08:00,B-03-01,B-03-01-RES-1,resident,main_lobby,entry,granted
EVT-000408,2026-08-04T18:05:00+08:00,A-04-01,A-04-01-RES-1,resident,main_lobby,entry,granted
EVT-000504,2026-08-04T18:17:00+08:00,A-04-01,A-04-01-RES-3,resident,main_lobby,entry,granted
EVT-002344,2026-08-04T18:28:00+08:00,B-06-02,B-06-02-RES-1,resident,main_lobby,entry,granted
EVT-002394,2026-08-04T18:41:00+08:00,B-06-02,B-06-02-RES-2,resident,main_lobby,entry,granted
EVT-002034,2026-08-04T18:43:00+08:00,B-05-01,B-05-01-RES-1,resident,main_lobby,entry,granted
EVT-000558,2026-08-04T18:48:00+08:00,A-04-02,A-04-02-RES-1,resident,main_lobby,entry,granted
EVT-000260,2026-08-04T18:53:00+08:00,A-03-02,A-03-02-RES-1,resident,main_lobby,entry,granted
EVT-000956,2026-08-04T18:59:00+08:00,A-06-01,A-06-01-RES-3,resident,main_lobby,entry,granted
EVT-001720,2026-08-04T19:33:00+08:00,B-03-02,B-03-02-RES-1,resident,main_lobby,entry,granted
EVT-001106,2026-08-04T19:38:00+08:00,A-07-01,A-07-01-RES-1,resident,main_lobby,entry,granted
EVT-002132,2026-08-04T19:45:00+08:00,B-05-02,B-05-02-RES-1,resident,main_lobby,entry,granted
EVT-002444,2026-08-04T20:05:00+08:00,B-07-01,B-07-01-RES-1,resident,main_lobby,entry,granted
EVT-002238,2026-08-04T20:17:00+08:00,B-06-01,B-06-01-RES-1,resident,main_lobby,entry,granted
EVT-001314,2026-08-04T20:22:00+08:00,B-02-01,B-02-01-RES-1,resident,main_lobby,entry,granted
EVT-001774,2026-08-04T20:26:00+08:00,B-04-01,B-04-01-RES-1,resident,main_lobby,entry,granted
EVT-002290,2026-08-04T20:28:00+08:00,B-06-01,B-06-01-RES-2,resident,main_lobby,entry,granted
EVT-000212,2026-08-04T20:54:00+08:00,A-03-01,A-03-01-RES-2,resident,main_lobby,entry,granted
EVT-000054,2026-08-04T21:15:00+08:00,A-02-02,A-02-02-RES-1,resident,main_lobby,entry,granted
EVT-002084,2026-08-04T21:17:00+08:00,B-05-01,B-05-01-RES-2,resident,main_lobby,entry,granted
EVT-001876,2026-08-04T21:18:00+08:00,B-04-01,B-04-01-RES-3,resident,main_lobby,entry,granted
EVT-000660,2026-08-04T21:23:00+08:00,A-05-01,A-05-01-RES-2,resident,main_lobby,entry,granted
EVT-001054,2026-08-04T21:36:00+08:00,A-06-02,A-06-02-RES-2,resident,main_lobby,entry,granted
EVT-002614,2026-08-04T21:36:00+08:00,B-07-02,B-07-02-RES-2,resident,main_lobby,entry,granted
EVT-002552,2026-08-04T21:48:00+08:00,B-07-02,B-07-02-RES-1,resident,main_lobby,entry,granted
EVT-000310,2026-08-04T22:05:00+08:00,A-03-02,A-03-02-RES-2,resident,main_lobby,entry,granted
EVT-001666,2026-08-04T22:07:00+08:00,B-03-01,B-03-01-RES-3,resident,main_lobby,entry,granted
EVT-001366,2026-08-04T22:08:00+08:00,B-02-01,B-02-01-RES-2,resident,main_lobby,entry,granted
EVT-001984,2026-08-04T22:08:00+08:00,B-04-02,B-04-02-RES-2,resident,main_lobby,entry,granted
EVT-002504,2026-08-04T22:12:00+08:00,B-07-01,B-07-01-RES-2,resident,main_lobby,entry,granted
EVT-000860,2026-08-04T22:17:00+08:00,A-06-01,A-06-01-RES-1,resident,main_lobby,entry,granted
EVT-002186,2026-08-04T22:39:00+08:00,B-05-02,B-05-02-RES-2,resident,main_lobby,entry,granted
EVT-001410,2026-08-04T22:56:00+08:00,B-02-01,B-02-01-RES-3,resident,main_lobby,entry,granted
EVT-001614,2026-08-04T22:56:00+08:00,B-03-01,B-03-01-RES-2,resident,main_lobby,entry,granted
EVT-002761,2026-08-05T06:18:00+08:00,B-06-02,B-06-02-ACT-01,access_card,main_lobby,exit,granted
EVT-002777,2026-08-05T06:39:00+08:00,B-06-02,B-06-02-ACT-02,access_card,main_lobby,entry,granted
EVT-001009,2026-08-05T07:16:00+08:00,A-06-02,A-06-02-RES-1,resident,main_lobby,exit,granted
EVT-000661,2026-08-05T07:23:00+08:00,A-05-01,A-05-01-RES-2,resident,main_lobby,exit,granted
EVT-001721,2026-08-05T07:27:00+08:00,B-03-02,B-03-02-RES-1,resident,main_lobby,exit,granted
EVT-000159,2026-08-05T07:46:00+08:00,A-03-01,A-03-01-RES-1,resident,main_lobby,exit,granted
EVT-000109,2026-08-05T07:56:00+08:00,A-02-02,A-02-02-RES-2,resident,main_lobby,exit,granted
EVT-002085,2026-08-05T08:03:00+08:00,B-05-01,B-05-01-RES-2,resident,main_lobby,exit,granted
EVT-002345,2026-08-05T08:12:00+08:00,B-06-02,B-06-02-RES-1,resident,main_lobby,exit,granted
EVT-002553,2026-08-05T08:20:00+08:00,B-07-02,B-07-02-RES-1,resident,main_lobby,exit,granted
EVT-000609,2026-08-05T08:23:00+08:00,A-05-01,A-05-01-RES-1,resident,main_lobby,exit,granted
EVT-001157,2026-08-05T08:28:00+08:00,A-07-01,A-07-01-RES-2,resident,main_lobby,exit,granted
EVT-000363,2026-08-05T08:31:00+08:00,A-03-02,A-03-02-RES-3,resident,main_lobby,exit,granted
EVT-000311,2026-08-05T08:35:00+08:00,A-03-02,A-03-02-RES-2,resident,main_lobby,exit,granted
EVT-001411,2026-08-05T08:40:00+08:00,B-02-01,B-02-01-RES-3,resident,main_lobby,exit,granted
EVT-001267,2026-08-05T08:41:00+08:00,A-07-02,A-07-02-RES-2,resident,main_lobby,exit,granted
EVT-002035,2026-08-05T08:41:00+08:00,B-05-01,B-05-01-RES-1,resident,main_lobby,exit,granted
EVT-002615,2026-08-05T08:43:00+08:00,B-07-02,B-07-02-RES-2,resident,main_lobby,exit,granted
EVT-002445,2026-08-05T08:45:00+08:00,B-07-01,B-07-01-RES-1,resident,main_lobby,exit,granted
EVT-001511,2026-08-05T08:48:00+08:00,B-02-02,B-02-02-RES-2,resident,main_lobby,exit,granted
EVT-001055,2026-08-05T08:59:00+08:00,A-06-02,A-06-02-RES-2,resident,main_lobby,exit,granted
EVT-002187,2026-08-05T09:01:00+08:00,B-05-02,B-05-02-RES-2,resident,main_lobby,exit,granted
EVT-001615,2026-08-05T09:06:00+08:00,B-03-01,B-03-01-RES-2,resident,main_lobby,exit,granted
EVT-000559,2026-08-05T09:07:00+08:00,A-04-02,A-04-02-RES-1,resident,main_lobby,exit,granted
EVT-001315,2026-08-05T09:10:00+08:00,B-02-01,B-02-01-RES-1,resident,main_lobby,exit,granted
EVT-000505,2026-08-05T09:24:00+08:00,A-04-01,A-04-01-RES-3,resident,main_lobby,exit,granted
EVT-000809,2026-08-05T09:34:00+08:00,A-05-02,A-05-02-RES-2,resident,main_lobby,exit,granted
EVT-001215,2026-08-05T09:38:00+08:00,A-07-02,A-07-02-RES-1,resident,main_lobby,exit,granted
EVT-002505,2026-08-05T09:50:00+08:00,B-07-01,B-07-01-RES-2,resident,main_lobby,exit,granted
EVT-001367,2026-08-05T09:54:00+08:00,B-02-01,B-02-01-RES-2,resident,main_lobby,exit,granted
EVT-001667,2026-08-05T10:07:00+08:00,B-03-01,B-03-01-RES-3,resident,main_lobby,exit,granted
EVT-001561,2026-08-05T10:08:00+08:00,B-03-01,B-03-01-RES-1,resident,main_lobby,exit,granted
EVT-000055,2026-08-05T10:13:00+08:00,A-02-02,A-02-02-RES-1,resident,main_lobby,exit,granted
EVT-000007,2026-08-05T10:17:00+08:00,A-02-01,A-02-01-RES-1,resident,main_lobby,exit,granted
EVT-002133,2026-08-05T10:17:00+08:00,B-05-02,B-05-02-RES-1,resident,main_lobby,exit,granted
EVT-000711,2026-08-05T10:21:00+08:00,A-05-01,A-05-01-RES-3,resident,main_lobby,exit,granted
EVT-001929,2026-08-05T10:22:00+08:00,B-04-02,B-04-02-RES-1,resident,main_lobby,exit,granted
EVT-000757,2026-08-05T10:33:00+08:00,A-05-02,A-05-02-RES-1,resident,main_lobby,exit,granted
EVT-000409,2026-08-05T10:39:00+08:00,A-04-01,A-04-01-RES-1,resident,main_lobby,exit,granted
EVT-000913,2026-08-05T10:43:00+08:00,A-06-01,A-06-01-RES-2,resident,main_lobby,exit,granted
EVT-001821,2026-08-05T10:45:00+08:00,B-04-01,B-04-01-RES-2,resident,main_lobby,exit,granted
EVT-000861,2026-08-05T10:57:00+08:00,A-06-01,A-06-01-RES-1,resident,main_lobby,exit,granted
EVT-002888,2026-08-05T13:55:00+08:00,A-07-02,A-07-02-G-01,visitor_card,main_lobby,exit,granted
EVT-000312,2026-08-05T17:10:00+08:00,A-03-02,A-03-02-RES-2,resident,main_lobby,entry,granted
EVT-002036,2026-08-05T17:10:00+08:00,B-05-01,B-05-01-RES-1,resident,main_lobby,entry,granted
EVT-000008,2026-08-05T17:13:00+08:00,A-02-01,A-02-01-RES-1,resident,main_lobby,entry,granted
EVT-001930,2026-08-05T17:14:00+08:00,B-04-02,B-04-02-RES-1,resident,main_lobby,entry,granted
EVT-002506,2026-08-05T17:19:00+08:00,B-07-01,B-07-01-RES-2,resident,main_lobby,entry,granted
EVT-000560,2026-08-05T17:31:00+08:00,A-04-02,A-04-02-RES-1,resident,main_lobby,entry,granted
EVT-000110,2026-08-05T17:47:00+08:00,A-02-02,A-02-02-RES-2,resident,main_lobby,entry,granted
EVT-000810,2026-08-05T17:54:00+08:00,A-05-02,A-05-02-RES-2,resident,main_lobby,entry,granted
EVT-000662,2026-08-05T18:01:00+08:00,A-05-01,A-05-01-RES-2,resident,main_lobby,entry,granted
EVT-001822,2026-08-05T18:02:00+08:00,B-04-01,B-04-01-RES-2,resident,main_lobby,entry,granted
EVT-002188,2026-08-05T18:03:00+08:00,B-05-02,B-05-02-RES-2,resident,main_lobby,entry,granted
EVT-002554,2026-08-05T18:12:00+08:00,B-07-02,B-07-02-RES-1,resident,main_lobby,entry,granted
EVT-000712,2026-08-05T18:31:00+08:00,A-05-01,A-05-01-RES-3,resident,main_lobby,entry,granted
EVT-001056,2026-08-05T19:01:00+08:00,A-06-02,A-06-02-RES-2,resident,main_lobby,entry,granted
EVT-001316,2026-08-05T19:08:00+08:00,B-02-01,B-02-01-RES-1,resident,main_lobby,entry,granted
EVT-002873,2026-08-05T19:11:00+08:00,B-06-02,B-06-02-ACT-08,access_card,main_lobby,entry,granted
EVT-002616,2026-08-05T19:19:00+08:00,B-07-02,B-07-02-RES-2,resident,main_lobby,entry,granted
EVT-002825,2026-08-05T19:24:00+08:00,B-06-02,B-06-02-ACT-05,access_card,main_lobby,entry,granted
EVT-000160,2026-08-05T19:32:00+08:00,A-03-01,A-03-01-RES-1,resident,main_lobby,entry,granted
EVT-000610,2026-08-05T19:58:00+08:00,A-05-01,A-05-01-RES-1,resident,main_lobby,entry,granted
EVT-001368,2026-08-05T19:59:00+08:00,B-02-01,B-02-01-RES-2,resident,main_lobby,entry,granted
EVT-002793,2026-08-05T19:59:00+08:00,B-06-02,B-06-02-ACT-03,access_card,main_lobby,entry,granted
EVT-002841,2026-08-05T20:04:00+08:00,B-06-02,B-06-02-ACT-06,access_card,main_lobby,entry,granted
EVT-001616,2026-08-05T20:08:00+08:00,B-03-01,B-03-01-RES-2,resident,main_lobby,entry,granted
EVT-002809,2026-08-05T20:14:00+08:00,B-06-02,B-06-02-ACT-04,access_card,main_lobby,entry,granted
EVT-000758,2026-08-05T20:49:00+08:00,A-05-02,A-05-02-RES-1,resident,main_lobby,entry,granted
EVT-002134,2026-08-05T20:49:00+08:00,B-05-02,B-05-02-RES-1,resident,main_lobby,entry,granted
EVT-000862,2026-08-05T20:52:00+08:00,A-06-01,A-06-01-RES-1,resident,main_lobby,entry,granted
EVT-000056,2026-08-05T21:08:00+08:00,A-02-02,A-02-02-RES-1,resident,main_lobby,entry,granted
EVT-001216,2026-08-05T21:10:00+08:00,A-07-02,A-07-02-RES-1,resident,main_lobby,entry,granted
EVT-001668,2026-08-05T21:16:00+08:00,B-03-01,B-03-01-RES-3,resident,main_lobby,entry,granted
EVT-001158,2026-08-05T21:27:00+08:00,A-07-01,A-07-01-RES-2,resident,main_lobby,entry,granted
EVT-000506,2026-08-05T21:33:00+08:00,A-04-01,A-04-01-RES-3,resident,main_lobby,entry,granted
EVT-001412,2026-08-05T21:50:00+08:00,B-02-01,B-02-01-RES-3,resident,main_lobby,entry,granted
EVT-002086,2026-08-05T21:51:00+08:00,B-05-01,B-05-01-RES-2,resident,main_lobby,entry,granted
EVT-001562,2026-08-05T21:56:00+08:00,B-03-01,B-03-01-RES-1,resident,main_lobby,entry,granted
EVT-000914,2026-08-05T21:59:00+08:00,A-06-01,A-06-01-RES-2,resident,main_lobby,entry,granted
EVT-001010,2026-08-05T21:59:00+08:00,A-06-02,A-06-02-RES-1,resident,main_lobby,entry,granted
EVT-002446,2026-08-05T22:07:00+08:00,B-07-01,B-07-01-RES-1,resident,main_lobby,entry,granted
EVT-001268,2026-08-05T22:09:00+08:00,A-07-02,A-07-02-RES-2,resident,main_lobby,entry,granted
EVT-000410,2026-08-05T22:15:00+08:00,A-04-01,A-04-01-RES-1,resident,main_lobby,entry,granted
EVT-000364,2026-08-05T22:18:00+08:00,A-03-02,A-03-02-RES-3,resident,main_lobby,entry,granted
EVT-002346,2026-08-05T22:23:00+08:00,B-06-02,B-06-02-RES-1,resident,main_lobby,entry,granted
EVT-002857,2026-08-05T22:41:00+08:00,B-06-02,B-06-02-ACT-07,access_card,main_lobby,exit,granted
EVT-001512,2026-08-05T22:42:00+08:00,B-02-02,B-02-02-RES-2,resident,main_lobby,entry,granted
EVT-001722,2026-08-05T22:46:00+08:00,B-03-02,B-03-02-RES-1,resident,main_lobby,entry,granted
EVT-002689,2026-08-05T22:46:00+08:00,A-05-02,A-05-02-TEMP-01,visitor_card,main_lobby,entry,granted
EVT-002690,2026-08-06T04:46:00+08:00,A-05-02,A-05-02-TEMP-01,visitor_card,main_lobby,exit,granted
EVT-002347,2026-08-06T07:07:00+08:00,B-06-02,B-06-02-RES-1,resident,main_lobby,exit,granted
EVT-000759,2026-08-06T07:08:00+08:00,A-05-02,A-05-02-RES-1,resident,main_lobby,exit,granted
EVT-002291,2026-08-06T07:18:00+08:00,B-06-01,B-06-01-RES-2,resident,main_lobby,exit,granted
EVT-002087,2026-08-06T07:32:00+08:00,B-05-01,B-05-01-RES-2,resident,main_lobby,exit,granted
EVT-001269,2026-08-06T07:39:00+08:00,A-07-02,A-07-02-RES-2,resident,main_lobby,exit,granted
EVT-000957,2026-08-06T07:51:00+08:00,A-06-01,A-06-01-RES-3,resident,main_lobby,exit,granted
EVT-000663,2026-08-06T07:53:00+08:00,A-05-01,A-05-01-RES-2,resident,main_lobby,exit,granted
EVT-001985,2026-08-06T07:57:00+08:00,B-04-02,B-04-02-RES-2,resident,main_lobby,exit,granted
EVT-001463,2026-08-06T07:59:00+08:00,B-02-02,B-02-02-RES-1,resident,main_lobby,exit,granted
EVT-001931,2026-08-06T08:04:00+08:00,B-04-02,B-04-02-RES-1,resident,main_lobby,exit,granted
EVT-002239,2026-08-06T08:04:00+08:00,B-06-01,B-06-01-RES-1,resident,main_lobby,exit,granted
EVT-000561,2026-08-06T08:08:00+08:00,A-04-02,A-04-02-RES-1,resident,main_lobby,exit,granted
EVT-001563,2026-08-06T08:12:00+08:00,B-03-01,B-03-01-RES-1,resident,main_lobby,exit,granted
EVT-001159,2026-08-06T08:13:00+08:00,A-07-01,A-07-01-RES-2,resident,main_lobby,exit,granted
EVT-001669,2026-08-06T08:13:00+08:00,B-03-01,B-03-01-RES-3,resident,main_lobby,exit,granted
EVT-000411,2026-08-06T08:14:00+08:00,A-04-01,A-04-01-RES-1,resident,main_lobby,exit,granted
EVT-000863,2026-08-06T08:18:00+08:00,A-06-01,A-06-01-RES-1,resident,main_lobby,exit,granted
EVT-001617,2026-08-06T08:43:00+08:00,B-03-01,B-03-01-RES-2,resident,main_lobby,exit,granted
EVT-000811,2026-08-06T08:56:00+08:00,A-05-02,A-05-02-RES-2,resident,main_lobby,exit,granted
EVT-001877,2026-08-06T09:00:00+08:00,B-04-01,B-04-01-RES-3,resident,main_lobby,exit,granted
EVT-001107,2026-08-06T09:11:00+08:00,A-07-01,A-07-01-RES-1,resident,main_lobby,exit,granted
EVT-000111,2026-08-06T09:18:00+08:00,A-02-02,A-02-02-RES-2,resident,main_lobby,exit,granted
EVT-001217,2026-08-06T09:18:00+08:00,A-07-02,A-07-02-RES-1,resident,main_lobby,exit,granted
EVT-001369,2026-08-06T09:20:00+08:00,B-02-01,B-02-01-RES-2,resident,main_lobby,exit,granted
EVT-000365,2026-08-06T09:26:00+08:00,A-03-02,A-03-02-RES-3,resident,main_lobby,exit,granted
EVT-001823,2026-08-06T09:38:00+08:00,B-04-01,B-04-01-RES-2,resident,main_lobby,exit,granted
EVT-001723,2026-08-06T09:42:00+08:00,B-03-02,B-03-02-RES-1,resident,main_lobby,exit,granted
EVT-001317,2026-08-06T09:46:00+08:00,B-02-01,B-02-01-RES-1,resident,main_lobby,exit,granted
EVT-002037,2026-08-06T09:49:00+08:00,B-05-01,B-05-01-RES-1,resident,main_lobby,exit,granted
EVT-002507,2026-08-06T09:49:00+08:00,B-07-01,B-07-01-RES-2,resident,main_lobby,exit,granted
EVT-002555,2026-08-06T09:49:00+08:00,B-07-02,B-07-02-RES-1,resident,main_lobby,exit,granted
EVT-001513,2026-08-06T09:51:00+08:00,B-02-02,B-02-02-RES-2,resident,main_lobby,exit,granted
EVT-002617,2026-08-06T09:58:00+08:00,B-07-02,B-07-02-RES-2,resident,main_lobby,exit,granted
EVT-000713,2026-08-06T09:59:00+08:00,A-05-01,A-05-01-RES-3,resident,main_lobby,exit,granted
EVT-000507,2026-08-06T10:06:00+08:00,A-04-01,A-04-01-RES-3,resident,main_lobby,exit,granted
EVT-000459,2026-08-06T10:07:00+08:00,A-04-01,A-04-01-RES-2,resident,main_lobby,exit,granted
EVT-000057,2026-08-06T10:15:00+08:00,A-02-02,A-02-02-RES-1,resident,main_lobby,exit,granted
EVT-000261,2026-08-06T10:15:00+08:00,A-03-02,A-03-02-RES-1,resident,main_lobby,exit,granted
EVT-001011,2026-08-06T10:18:00+08:00,A-06-02,A-06-02-RES-1,resident,main_lobby,exit,granted
EVT-000161,2026-08-06T10:20:00+08:00,A-03-01,A-03-01-RES-1,resident,main_lobby,exit,granted
EVT-002447,2026-08-06T10:40:00+08:00,B-07-01,B-07-01-RES-1,resident,main_lobby,exit,granted
EVT-000313,2026-08-06T10:44:00+08:00,A-03-02,A-03-02-RES-2,resident,main_lobby,exit,granted
EVT-000611,2026-08-06T10:49:00+08:00,A-05-01,A-05-01-RES-1,resident,main_lobby,exit,granted
EVT-001413,2026-08-06T10:50:00+08:00,B-02-01,B-02-01-RES-3,resident,main_lobby,exit,granted
EVT-002662,2026-08-06T13:00:00+08:00,A-03-01,A-03-01-GUEST-02,visitor_card,main_lobby,entry,granted
EVT-002663,2026-08-06T13:04:00+08:00,A-03-01,A-03-01-GUEST-02,visitor_card,lift_lobby,entry,granted
EVT-002508,2026-08-06T17:07:00+08:00,B-07-01,B-07-01-RES-2,resident,main_lobby,entry,granted
EVT-000864,2026-08-06T17:18:00+08:00,A-06-01,A-06-01-RES-1,resident,main_lobby,entry,granted
EVT-001318,2026-08-06T17:49:00+08:00,B-02-01,B-02-01-RES-1,resident,main_lobby,entry,granted
EVT-001824,2026-08-06T17:49:00+08:00,B-04-01,B-04-01-RES-2,resident,main_lobby,entry,granted
EVT-000460,2026-08-06T18:02:00+08:00,A-04-01,A-04-01-RES-2,resident,main_lobby,entry,granted
EVT-001012,2026-08-06T18:12:00+08:00,A-06-02,A-06-02-RES-1,resident,main_lobby,entry,granted
EVT-001564,2026-08-06T18:53:00+08:00,B-03-01,B-03-01-RES-1,resident,main_lobby,entry,granted
EVT-002448,2026-08-06T19:05:00+08:00,B-07-01,B-07-01-RES-1,resident,main_lobby,entry,granted
EVT-001932,2026-08-06T19:23:00+08:00,B-04-02,B-04-02-RES-1,resident,main_lobby,entry,granted
EVT-002088,2026-08-06T19:25:00+08:00,B-05-01,B-05-01-RES-2,resident,main_lobby,entry,granted
EVT-000760,2026-08-06T19:41:00+08:00,A-05-02,A-05-02-RES-1,resident,main_lobby,entry,granted
EVT-001618,2026-08-06T19:41:00+08:00,B-03-01,B-03-01-RES-2,resident,main_lobby,entry,granted
EVT-000612,2026-08-06T19:43:00+08:00,A-05-01,A-05-01-RES-1,resident,main_lobby,entry,granted
EVT-000812,2026-08-06T19:46:00+08:00,A-05-02,A-05-02-RES-2,resident,main_lobby,entry,granted
EVT-001160,2026-08-06T19:48:00+08:00,A-07-01,A-07-01-RES-2,resident,main_lobby,entry,granted
EVT-001464,2026-08-06T20:09:00+08:00,B-02-02,B-02-02-RES-1,resident,main_lobby,entry,granted
EVT-001370,2026-08-06T20:17:00+08:00,B-02-01,B-02-01-RES-2,resident,main_lobby,entry,granted
EVT-001108,2026-08-06T20:20:00+08:00,A-07-01,A-07-01-RES-1,resident,main_lobby,entry,granted
EVT-002038,2026-08-06T20:22:00+08:00,B-05-01,B-05-01-RES-1,resident,main_lobby,entry,granted
EVT-000366,2026-08-06T20:30:00+08:00,A-03-02,A-03-02-RES-3,resident,main_lobby,entry,granted
EVT-000562,2026-08-06T20:34:00+08:00,A-04-02,A-04-02-RES-1,resident,main_lobby,entry,granted
EVT-000262,2026-08-06T20:36:00+08:00,A-03-02,A-03-02-RES-1,resident,main_lobby,entry,granted
EVT-000412,2026-08-06T20:40:00+08:00,A-04-01,A-04-01-RES-1,resident,main_lobby,entry,granted
EVT-002556,2026-08-06T20:42:00+08:00,B-07-02,B-07-02-RES-1,resident,main_lobby,entry,granted
EVT-000162,2026-08-06T20:44:00+08:00,A-03-01,A-03-01-RES-1,resident,main_lobby,entry,granted
EVT-002618,2026-08-06T20:45:00+08:00,B-07-02,B-07-02-RES-2,resident,main_lobby,entry,granted
EVT-000058,2026-08-06T20:51:00+08:00,A-02-02,A-02-02-RES-1,resident,main_lobby,entry,granted
EVT-002292,2026-08-06T21:01:00+08:00,B-06-01,B-06-01-RES-2,resident,main_lobby,entry,granted
EVT-002240,2026-08-06T21:09:00+08:00,B-06-01,B-06-01-RES-1,resident,main_lobby,entry,granted
EVT-000112,2026-08-06T21:13:00+08:00,A-02-02,A-02-02-RES-2,resident,main_lobby,entry,granted
EVT-000714,2026-08-06T21:17:00+08:00,A-05-01,A-05-01-RES-3,resident,main_lobby,entry,granted
EVT-001218,2026-08-06T21:17:00+08:00,A-07-02,A-07-02-RES-1,resident,main_lobby,entry,granted
EVT-001514,2026-08-06T21:26:00+08:00,B-02-02,B-02-02-RES-2,resident,main_lobby,entry,granted
EVT-000314,2026-08-06T21:30:00+08:00,A-03-02,A-03-02-RES-2,resident,main_lobby,entry,granted
EVT-001878,2026-08-06T21:55:00+08:00,B-04-01,B-04-01-RES-3,resident,main_lobby,entry,granted
EVT-002348,2026-08-06T22:03:00+08:00,B-06-02,B-06-02-RES-1,resident,main_lobby,entry,granted
EVT-000508,2026-08-06T22:07:00+08:00,A-04-01,A-04-01-RES-3,resident,main_lobby,entry,granted
EVT-001270,2026-08-06T22:10:00+08:00,A-07-02,A-07-02-RES-2,resident,main_lobby,entry,granted
EVT-001414,2026-08-06T22:22:00+08:00,B-02-01,B-02-01-RES-3,resident,main_lobby,entry,granted
EVT-000958,2026-08-06T22:26:00+08:00,A-06-01,A-06-01-RES-3,resident,main_lobby,entry,granted
EVT-000664,2026-08-06T22:41:00+08:00,A-05-01,A-05-01-RES-2,resident,main_lobby,entry,granted
EVT-001724,2026-08-06T22:41:00+08:00,B-03-02,B-03-02-RES-1,resident,main_lobby,entry,granted
EVT-001986,2026-08-06T22:41:00+08:00,B-04-02,B-04-02-RES-2,resident,main_lobby,entry,granted
EVT-001670,2026-08-06T22:43:00+08:00,B-03-01,B-03-01-RES-3,resident,main_lobby,entry,granted
EVT-002842,2026-08-07T06:31:00+08:00,B-06-02,B-06-02-ACT-06,access_card,main_lobby,entry,granted
EVT-002778,2026-08-07T06:38:00+08:00,B-06-02,B-06-02-ACT-02,access_card,main_lobby,entry,granted
EVT-001725,2026-08-07T07:00:00+08:00,B-03-02,B-03-02-RES-1,resident,main_lobby,exit,granted
EVT-001879,2026-08-07T07:02:00+08:00,B-04-01,B-04-01-RES-3,resident,main_lobby,exit,granted
EVT-000059,2026-08-07T07:06:00+08:00,A-02-02,A-02-02-RES-1,resident,main_lobby,exit,granted
EVT-002395,2026-08-07T07:11:00+08:00,B-06-02,B-06-02-RES-2,resident,main_lobby,exit,granted
EVT-000959,2026-08-07T07:15:00+08:00,A-06-01,A-06-01-RES-3,resident,main_lobby,exit,granted
EVT-001465,2026-08-07T07:15:00+08:00,B-02-02,B-02-02-RES-1,resident,main_lobby,exit,granted
EVT-002189,2026-08-07T07:18:00+08:00,B-05-02,B-05-02-RES-2,resident,main_lobby,exit,granted
EVT-001565,2026-08-07T07:29:00+08:00,B-03-01,B-03-01-RES-1,resident,main_lobby,exit,granted
EVT-001161,2026-08-07T07:36:00+08:00,A-07-01,A-07-01-RES-2,resident,main_lobby,exit,granted
EVT-000665,2026-08-07T08:08:00+08:00,A-05-01,A-05-01-RES-2,resident,main_lobby,exit,granted
EVT-001371,2026-08-07T08:08:00+08:00,B-02-01,B-02-01-RES-2,resident,main_lobby,exit,granted
EVT-002557,2026-08-07T08:10:00+08:00,B-07-02,B-07-02-RES-1,resident,main_lobby,exit,granted
EVT-000163,2026-08-07T08:12:00+08:00,A-03-01,A-03-01-RES-1,resident,main_lobby,exit,granted
EVT-000315,2026-08-07T08:18:00+08:00,A-03-02,A-03-02-RES-2,resident,main_lobby,exit,granted
EVT-000367,2026-08-07T08:24:00+08:00,A-03-02,A-03-02-RES-3,resident,main_lobby,exit,granted
EVT-000213,2026-08-07T08:31:00+08:00,A-03-01,A-03-01-RES-2,resident,main_lobby,exit,granted
EVT-001933,2026-08-07T08:33:00+08:00,B-04-02,B-04-02-RES-1,resident,main_lobby,exit,granted
EVT-001271,2026-08-07T08:40:00+08:00,A-07-02,A-07-02-RES-2,resident,main_lobby,exit,granted
EVT-000113,2026-08-07T08:43:00+08:00,A-02-02,A-02-02-RES-2,resident,main_lobby,exit,granted
EVT-002349,2026-08-07T08:55:00+08:00,B-06-02,B-06-02-RES-1,resident,main_lobby,exit,granted
EVT-002293,2026-08-07T09:00:00+08:00,B-06-01,B-06-01-RES-2,resident,main_lobby,exit,granted
EVT-000563,2026-08-07T09:04:00+08:00,A-04-02,A-04-02-RES-1,resident,main_lobby,exit,granted
EVT-000613,2026-08-07T09:04:00+08:00,A-05-01,A-05-01-RES-1,resident,main_lobby,exit,granted
EVT-000009,2026-08-07T09:13:00+08:00,A-02-01,A-02-01-RES-1,resident,main_lobby,exit,granted
EVT-001619,2026-08-07T09:14:00+08:00,B-03-01,B-03-01-RES-2,resident,main_lobby,exit,granted
EVT-001775,2026-08-07T09:25:00+08:00,B-04-01,B-04-01-RES-1,resident,main_lobby,exit,granted
EVT-002509,2026-08-07T09:25:00+08:00,B-07-01,B-07-01-RES-2,resident,main_lobby,exit,granted
EVT-001671,2026-08-07T09:26:00+08:00,B-03-01,B-03-01-RES-3,resident,main_lobby,exit,granted
EVT-002241,2026-08-07T09:34:00+08:00,B-06-01,B-06-01-RES-1,resident,main_lobby,exit,granted
EVT-000413,2026-08-07T09:42:00+08:00,A-04-01,A-04-01-RES-1,resident,main_lobby,exit,granted
EVT-000915,2026-08-07T09:44:00+08:00,A-06-01,A-06-01-RES-2,resident,main_lobby,exit,granted
EVT-000715,2026-08-07T10:05:00+08:00,A-05-01,A-05-01-RES-3,resident,main_lobby,exit,granted
EVT-000263,2026-08-07T10:21:00+08:00,A-03-02,A-03-02-RES-1,resident,main_lobby,exit,granted
EVT-001415,2026-08-07T10:22:00+08:00,B-02-01,B-02-01-RES-3,resident,main_lobby,exit,granted
EVT-000813,2026-08-07T10:23:00+08:00,A-05-02,A-05-02-RES-2,resident,main_lobby,exit,granted
EVT-001987,2026-08-07T10:23:00+08:00,B-04-02,B-04-02-RES-2,resident,main_lobby,exit,granted
EVT-002135,2026-08-07T10:26:00+08:00,B-05-02,B-05-02-RES-1,resident,main_lobby,exit,granted
EVT-001013,2026-08-07T10:36:00+08:00,A-06-02,A-06-02-RES-1,resident,main_lobby,exit,granted
EVT-001109,2026-08-07T10:36:00+08:00,A-07-01,A-07-01-RES-1,resident,main_lobby,exit,granted
EVT-002039,2026-08-07T10:37:00+08:00,B-05-01,B-05-01-RES-1,resident,main_lobby,exit,granted
EVT-000761,2026-08-07T10:43:00+08:00,A-05-02,A-05-02-RES-1,resident,main_lobby,exit,granted
EVT-002449,2026-08-07T10:46:00+08:00,B-07-01,B-07-01-RES-1,resident,main_lobby,exit,granted
EVT-001057,2026-08-07T10:59:00+08:00,A-06-02,A-06-02-RES-2,resident,main_lobby,exit,granted
EVT-000666,2026-08-07T17:18:00+08:00,A-05-01,A-05-01-RES-2,resident,main_lobby,entry,granted
EVT-001058,2026-08-07T17:19:00+08:00,A-06-02,A-06-02-RES-2,resident,main_lobby,entry,granted
EVT-000814,2026-08-07T17:25:00+08:00,A-05-02,A-05-02-RES-2,resident,main_lobby,entry,granted
EVT-000264,2026-08-07T17:31:00+08:00,A-03-02,A-03-02-RES-1,resident,main_lobby,entry,granted
EVT-001880,2026-08-07T17:36:00+08:00,B-04-01,B-04-01-RES-3,resident,main_lobby,entry,granted
EVT-000916,2026-08-07T17:40:00+08:00,A-06-01,A-06-01-RES-2,resident,main_lobby,entry,granted
EVT-001988,2026-08-07T17:44:00+08:00,B-04-02,B-04-02-RES-2,resident,main_lobby,entry,granted
EVT-001162,2026-08-07T17:51:00+08:00,A-07-01,A-07-01-RES-2,resident,main_lobby,entry,granted
EVT-000414,2026-08-07T17:57:00+08:00,A-04-01,A-04-01-RES-1,resident,main_lobby,entry,granted
EVT-001566,2026-08-07T17:58:00+08:00,B-03-01,B-03-01-RES-1,resident,main_lobby,entry,granted
EVT-000960,2026-08-07T18:04:00+08:00,A-06-01,A-06-01-RES-3,resident,main_lobby,entry,granted
EVT-002136,2026-08-07T18:11:00+08:00,B-05-02,B-05-02-RES-1,resident,main_lobby,entry,granted
EVT-000214,2026-08-07T18:17:00+08:00,A-03-01,A-03-01-RES-2,resident,main_lobby,entry,granted
EVT-001110,2026-08-07T18:20:00+08:00,A-07-01,A-07-01-RES-1,resident,main_lobby,entry,granted
EVT-001014,2026-08-07T18:31:00+08:00,A-06-02,A-06-02-RES-1,resident,main_lobby,entry,granted
EVT-002040,2026-08-07T18:33:00+08:00,B-05-01,B-05-01-RES-1,resident,main_lobby,entry,granted
EVT-000368,2026-08-07T18:58:00+08:00,A-03-02,A-03-02-RES-3,resident,main_lobby,entry,granted
EVT-002350,2026-08-07T19:00:00+08:00,B-06-02,B-06-02-RES-1,resident,main_lobby,entry,granted
EVT-000614,2026-08-07T19:06:00+08:00,A-05-01,A-05-01-RES-1,resident,main_lobby,entry,granted
EVT-002558,2026-08-07T19:07:00+08:00,B-07-02,B-07-02-RES-1,resident,main_lobby,entry,granted
EVT-002190,2026-08-07T19:08:00+08:00,B-05-02,B-05-02-RES-2,resident,main_lobby,entry,granted
EVT-002294,2026-08-07T19:14:00+08:00,B-06-01,B-06-01-RES-2,resident,main_lobby,entry,granted
EVT-001776,2026-08-07T19:18:00+08:00,B-04-01,B-04-01-RES-1,resident,main_lobby,entry,granted
EVT-001466,2026-08-07T19:20:00+08:00,B-02-02,B-02-02-RES-1,resident,main_lobby,entry,granted
EVT-001934,2026-08-07T19:24:00+08:00,B-04-02,B-04-02-RES-1,resident,main_lobby,entry,granted
EVT-002242,2026-08-07T19:29:00+08:00,B-06-01,B-06-01-RES-1,resident,main_lobby,entry,granted
EVT-002762,2026-08-07T19:43:00+08:00,B-06-02,B-06-02-ACT-01,access_card,main_lobby,exit,granted
EVT-002810,2026-08-07T19:44:00+08:00,B-06-02,B-06-02-ACT-04,access_card,main_lobby,exit,granted
EVT-002858,2026-08-07T19:44:00+08:00,B-06-02,B-06-02-ACT-07,access_card,main_lobby,exit,granted
EVT-002396,2026-08-07T19:53:00+08:00,B-06-02,B-06-02-RES-2,resident,main_lobby,entry,granted
EVT-002794,2026-08-07T20:25:00+08:00,B-06-02,B-06-02-ACT-03,access_card,main_lobby,entry,granted
EVT-000716,2026-08-07T20:38:00+08:00,A-05-01,A-05-01-RES-3,resident,main_lobby,entry,granted
EVT-002826,2026-08-07T20:41:00+08:00,B-06-02,B-06-02-ACT-05,access_card,main_lobby,exit,granted
EVT-000164,2026-08-07T20:42:00+08:00,A-03-01,A-03-01-RES-1,resident,main_lobby,entry,granted
EVT-000564,2026-08-07T20:55:00+08:00,A-04-02,A-04-02-RES-1,resident,main_lobby,entry,granted
EVT-001372,2026-08-07T21:06:00+08:00,B-02-01,B-02-01-RES-2,resident,main_lobby,entry,granted
EVT-000762,2026-08-07T21:22:00+08:00,A-05-02,A-05-02-RES-1,resident,main_lobby,entry,granted
EVT-001416,2026-08-07T21:32:00+08:00,B-02-01,B-02-01-RES-3,resident,main_lobby,entry,granted
EVT-002450,2026-08-07T21:39:00+08:00,B-07-01,B-07-01-RES-1,resident,main_lobby,entry,granted
EVT-002664,2026-08-07T22:00:00+08:00,A-03-01,A-03-01-GUEST-02,visitor_card,main_lobby,exit,granted
EVT-001672,2026-08-07T22:06:00+08:00,B-03-01,B-03-01-RES-3,resident,main_lobby,entry,granted
EVT-001272,2026-08-07T22:09:00+08:00,A-07-02,A-07-02-RES-2,resident,main_lobby,entry,granted
EVT-000316,2026-08-07T22:18:00+08:00,A-03-02,A-03-02-RES-2,resident,main_lobby,entry,granted
EVT-000060,2026-08-07T22:27:00+08:00,A-02-02,A-02-02-RES-1,resident,main_lobby,entry,granted
EVT-000010,2026-08-07T22:31:00+08:00,A-02-01,A-02-01-RES-1,resident,main_lobby,entry,granted
EVT-002510,2026-08-07T22:36:00+08:00,B-07-01,B-07-01-RES-2,resident,main_lobby,entry,granted
EVT-000114,2026-08-07T22:54:00+08:00,A-02-02,A-02-02-RES-2,resident,main_lobby,entry,granted
EVT-001620,2026-08-07T22:55:00+08:00,B-03-01,B-03-01-RES-2,resident,main_lobby,entry,granted
EVT-001726,2026-08-07T22:59:00+08:00,B-03-02,B-03-02-RES-1,resident,main_lobby,entry,granted
EVT-002874,2026-08-07T22:59:00+08:00,B-06-02,B-06-02-ACT-08,access_card,main_lobby,entry,granted
EVT-001219,2026-08-08T07:08:00+08:00,A-07-02,A-07-02-RES-1,resident,main_lobby,exit,granted
EVT-002559,2026-08-08T07:13:00+08:00,B-07-02,B-07-02-RES-1,resident,main_lobby,exit,granted
EVT-002191,2026-08-08T07:14:00+08:00,B-05-02,B-05-02-RES-2,resident,main_lobby,exit,granted
EVT-001881,2026-08-08T07:19:00+08:00,B-04-01,B-04-01-RES-3,resident,main_lobby,exit,granted
EVT-002351,2026-08-08T07:19:00+08:00,B-06-02,B-06-02-RES-1,resident,main_lobby,exit,granted
EVT-000215,2026-08-08T07:24:00+08:00,A-03-01,A-03-01-RES-2,resident,main_lobby,exit,granted
EVT-000961,2026-08-08T07:28:00+08:00,A-06-01,A-06-01-RES-3,resident,main_lobby,exit,granted
EVT-002619,2026-08-08T07:37:00+08:00,B-07-02,B-07-02-RES-2,resident,main_lobby,exit,granted
EVT-001467,2026-08-08T07:52:00+08:00,B-02-02,B-02-02-RES-1,resident,main_lobby,exit,granted
EVT-001515,2026-08-08T07:53:00+08:00,B-02-02,B-02-02-RES-2,resident,main_lobby,exit,granted
EVT-002511,2026-08-08T07:53:00+08:00,B-07-01,B-07-01-RES-2,resident,main_lobby,exit,granted
EVT-002041,2026-08-08T07:58:00+08:00,B-05-01,B-05-01-RES-1,resident,main_lobby,exit,granted
EVT-001777,2026-08-08T08:08:00+08:00,B-04-01,B-04-01-RES-1,resident,main_lobby,exit,granted
EVT-001567,2026-08-08T08:17:00+08:00,B-03-01,B-03-01-RES-1,resident,main_lobby,exit,granted
EVT-000815,2026-08-08T08:23:00+08:00,A-05-02,A-05-02-RES-2,resident,main_lobby,exit,granted
EVT-000509,2026-08-08T08:27:00+08:00,A-04-01,A-04-01-RES-3,resident,main_lobby,exit,granted
EVT-001373,2026-08-08T08:28:00+08:00,B-02-01,B-02-01-RES-2,resident,main_lobby,exit,granted
EVT-001059,2026-08-08T08:36:00+08:00,A-06-02,A-06-02-RES-2,resident,main_lobby,exit,granted
EVT-000763,2026-08-08T08:49:00+08:00,A-05-02,A-05-02-RES-1,resident,main_lobby,exit,granted
EVT-001989,2026-08-08T08:51:00+08:00,B-04-02,B-04-02-RES-2,resident,main_lobby,exit,granted
EVT-000369,2026-08-08T08:55:00+08:00,A-03-02,A-03-02-RES-3,resident,main_lobby,exit,granted
EVT-002295,2026-08-08T09:01:00+08:00,B-06-01,B-06-01-RES-2,resident,main_lobby,exit,granted
EVT-001417,2026-08-08T09:11:00+08:00,B-02-01,B-02-01-RES-3,resident,main_lobby,exit,granted
EVT-001015,2026-08-08T09:16:00+08:00,A-06-02,A-06-02-RES-1,resident,main_lobby,exit,granted
EVT-001621,2026-08-08T09:23:00+08:00,B-03-01,B-03-01-RES-2,resident,main_lobby,exit,granted
EVT-001825,2026-08-08T09:31:00+08:00,B-04-01,B-04-01-RES-2,resident,main_lobby,exit,granted
EVT-001673,2026-08-08T09:39:00+08:00,B-03-01,B-03-01-RES-3,resident,main_lobby,exit,granted
EVT-000415,2026-08-08T09:43:00+08:00,A-04-01,A-04-01-RES-1,resident,main_lobby,exit,granted
EVT-000565,2026-08-08T10:01:00+08:00,A-04-02,A-04-02-RES-1,resident,main_lobby,exit,granted
EVT-000317,2026-08-08T10:04:00+08:00,A-03-02,A-03-02-RES-2,resident,main_lobby,exit,granted
EVT-000461,2026-08-08T10:07:00+08:00,A-04-01,A-04-01-RES-2,resident,main_lobby,exit,granted
EVT-002089,2026-08-08T10:07:00+08:00,B-05-01,B-05-01-RES-2,resident,main_lobby,exit,granted
EVT-000011,2026-08-08T10:09:00+08:00,A-02-01,A-02-01-RES-1,resident,main_lobby,exit,granted
EVT-000115,2026-08-08T10:16:00+08:00,A-02-02,A-02-02-RES-2,resident,main_lobby,exit,granted
EVT-001319,2026-08-08T10:17:00+08:00,B-02-01,B-02-01-RES-1,resident,main_lobby,exit,granted
EVT-000615,2026-08-08T10:18:00+08:00,A-05-01,A-05-01-RES-1,resident,main_lobby,exit,granted
EVT-001111,2026-08-08T10:23:00+08:00,A-07-01,A-07-01-RES-1,resident,main_lobby,exit,granted
EVT-000061,2026-08-08T10:29:00+08:00,A-02-02,A-02-02-RES-1,resident,main_lobby,exit,granted
EVT-000865,2026-08-08T10:41:00+08:00,A-06-01,A-06-01-RES-1,resident,main_lobby,exit,granted
EVT-002243,2026-08-08T10:46:00+08:00,B-06-01,B-06-01-RES-1,resident,main_lobby,exit,granted
EVT-001727,2026-08-08T10:54:00+08:00,B-03-02,B-03-02-RES-1,resident,main_lobby,exit,granted
EVT-001935,2026-08-08T10:56:00+08:00,B-04-02,B-04-02-RES-1,resident,main_lobby,exit,granted
EVT-002889,2026-08-08T14:24:00+08:00,A-07-02,A-07-02-G-02,visitor_card,main_lobby,entry,granted
EVT-002715,2026-08-08T15:00:00+08:00,B-04-01,B-04-01-WK-08-1,visitor_qr,main_lobby,entry,granted
EVT-002717,2026-08-08T15:20:00+08:00,B-04-01,B-04-01-WK-08-2,visitor_qr,main_lobby,entry,granted
EVT-002719,2026-08-08T15:40:00+08:00,B-04-01,B-04-01-WK-08-3,visitor_qr,main_lobby,entry,granted
EVT-002665,2026-08-08T16:00:00+08:00,A-03-01,A-03-01-GUEST-03,visitor_card,main_lobby,entry,granted
EVT-002666,2026-08-08T16:04:00+08:00,A-03-01,A-03-01-GUEST-03,visitor_card,lift_lobby,entry,granted
EVT-001936,2026-08-08T17:02:00+08:00,B-04-02,B-04-02-RES-1,resident,main_lobby,entry,granted
EVT-000116,2026-08-08T17:05:00+08:00,A-02-02,A-02-02-RES-2,resident,main_lobby,entry,granted
EVT-002192,2026-08-08T17:09:00+08:00,B-05-02,B-05-02-RES-2,resident,main_lobby,entry,granted
EVT-000462,2026-08-08T17:15:00+08:00,A-04-01,A-04-01-RES-2,resident,main_lobby,entry,granted
EVT-000370,2026-08-08T17:17:00+08:00,A-03-02,A-03-02-RES-3,resident,main_lobby,entry,granted
EVT-001418,2026-08-08T17:20:00+08:00,B-02-01,B-02-01-RES-3,resident,main_lobby,entry,granted
EVT-002042,2026-08-08T17:35:00+08:00,B-05-01,B-05-01-RES-1,resident,main_lobby,entry,granted
EVT-002620,2026-08-08T17:39:00+08:00,B-07-02,B-07-02-RES-2,resident,main_lobby,entry,granted
EVT-001112,2026-08-08T17:59:00+08:00,A-07-01,A-07-01-RES-1,resident,main_lobby,entry,granted
EVT-002512,2026-08-08T18:12:00+08:00,B-07-01,B-07-01-RES-2,resident,main_lobby,entry,granted
EVT-000764,2026-08-08T18:27:00+08:00,A-05-02,A-05-02-RES-1,resident,main_lobby,entry,granted
EVT-001882,2026-08-08T18:47:00+08:00,B-04-01,B-04-01-RES-3,resident,main_lobby,entry,granted
EVT-002244,2026-08-08T18:56:00+08:00,B-06-01,B-06-01-RES-1,resident,main_lobby,entry,granted
EVT-000012,2026-08-08T19:08:00+08:00,A-02-01,A-02-01-RES-1,resident,main_lobby,entry,granted
EVT-001622,2026-08-08T19:37:00+08:00,B-03-01,B-03-01-RES-2,resident,main_lobby,entry,granted
EVT-000216,2026-08-08T19:42:00+08:00,A-03-01,A-03-01-RES-2,resident,main_lobby,entry,granted
EVT-000616,2026-08-08T19:46:00+08:00,A-05-01,A-05-01-RES-1,resident,main_lobby,entry,granted
EVT-000866,2026-08-08T19:47:00+08:00,A-06-01,A-06-01-RES-1,resident,main_lobby,entry,granted
EVT-001568,2026-08-08T19:52:00+08:00,B-03-01,B-03-01-RES-1,resident,main_lobby,entry,granted
EVT-001374,2026-08-08T20:20:00+08:00,B-02-01,B-02-01-RES-2,resident,main_lobby,entry,granted
EVT-002352,2026-08-08T20:30:00+08:00,B-06-02,B-06-02-RES-1,resident,main_lobby,entry,granted
EVT-001778,2026-08-08T20:38:00+08:00,B-04-01,B-04-01-RES-1,resident,main_lobby,entry,granted
EVT-001060,2026-08-08T20:43:00+08:00,A-06-02,A-06-02-RES-2,resident,main_lobby,entry,granted
EVT-001016,2026-08-08T20:46:00+08:00,A-06-02,A-06-02-RES-1,resident,main_lobby,entry,granted
EVT-001990,2026-08-08T20:50:00+08:00,B-04-02,B-04-02-RES-2,resident,main_lobby,entry,granted
EVT-001516,2026-08-08T20:52:00+08:00,B-02-02,B-02-02-RES-2,resident,main_lobby,entry,granted
EVT-001728,2026-08-08T20:55:00+08:00,B-03-02,B-03-02-RES-1,resident,main_lobby,entry,granted
EVT-000510,2026-08-08T20:56:00+08:00,A-04-01,A-04-01-RES-3,resident,main_lobby,entry,granted
EVT-000566,2026-08-08T20:58:00+08:00,A-04-02,A-04-02-RES-1,resident,main_lobby,entry,granted
EVT-001220,2026-08-08T20:58:00+08:00,A-07-02,A-07-02-RES-1,resident,main_lobby,entry,granted
EVT-001320,2026-08-08T21:04:00+08:00,B-02-01,B-02-01-RES-1,resident,main_lobby,entry,granted
EVT-000416,2026-08-08T21:10:00+08:00,A-04-01,A-04-01-RES-1,resident,main_lobby,entry,granted
EVT-000816,2026-08-08T21:18:00+08:00,A-05-02,A-05-02-RES-2,resident,main_lobby,entry,granted
EVT-002560,2026-08-08T21:22:00+08:00,B-07-02,B-07-02-RES-1,resident,main_lobby,entry,granted
EVT-001826,2026-08-08T21:35:00+08:00,B-04-01,B-04-01-RES-2,resident,main_lobby,entry,granted
EVT-000962,2026-08-08T21:43:00+08:00,A-06-01,A-06-01-RES-3,resident,main_lobby,entry,granted
EVT-001674,2026-08-08T21:44:00+08:00,B-03-01,B-03-01-RES-3,resident,main_lobby,entry,granted
EVT-000062,2026-08-08T22:03:00+08:00,A-02-02,A-02-02-RES-1,resident,main_lobby,entry,granted
EVT-000318,2026-08-08T22:14:00+08:00,A-03-02,A-03-02-RES-2,resident,main_lobby,entry,granted
EVT-002090,2026-08-08T22:33:00+08:00,B-05-01,B-05-01-RES-2,resident,main_lobby,entry,granted
EVT-001468,2026-08-08T22:42:00+08:00,B-02-02,B-02-02-RES-1,resident,main_lobby,entry,granted
EVT-002296,2026-08-08T22:52:00+08:00,B-06-01,B-06-01-RES-2,resident,main_lobby,entry,granted
EVT-002691,2026-08-08T23:05:00+08:00,A-05-02,A-05-02-TEMP-02,visitor_card,main_lobby,entry,granted
EVT-002720,2026-08-09T04:40:00+08:00,B-04-01,B-04-01-WK-08-3,visitor_qr,main_lobby,exit,granted
EVT-002692,2026-08-09T05:05:00+08:00,A-05-02,A-05-02-TEMP-02,visitor_card,main_lobby,exit,granted
EVT-002811,2026-08-09T06:36:00+08:00,B-06-02,B-06-02-ACT-04,access_card,main_lobby,exit,granted
EVT-002875,2026-08-09T06:41:00+08:00,B-06-02,B-06-02-ACT-08,access_card,main_lobby,exit,granted
EVT-002843,2026-08-09T06:51:00+08:00,B-06-02,B-06-02-ACT-06,access_card,main_lobby,entry,granted
EVT-002091,2026-08-09T07:00:00+08:00,B-05-01,B-05-01-RES-2,resident,main_lobby,exit,granted
EVT-000063,2026-08-09T07:03:00+08:00,A-02-02,A-02-02-RES-1,resident,main_lobby,exit,granted
EVT-000963,2026-08-09T07:15:00+08:00,A-06-01,A-06-01-RES-3,resident,main_lobby,exit,granted
EVT-002718,2026-08-09T07:20:00+08:00,B-04-01,B-04-01-WK-08-2,visitor_qr,main_lobby,exit,granted
EVT-001623,2026-08-09T07:30:00+08:00,B-03-01,B-03-01-RES-2,resident,main_lobby,exit,granted
EVT-001321,2026-08-09T07:31:00+08:00,B-02-01,B-02-01-RES-1,resident,main_lobby,exit,granted
EVT-001675,2026-08-09T07:32:00+08:00,B-03-01,B-03-01-RES-3,resident,main_lobby,exit,granted
EVT-000765,2026-08-09T07:53:00+08:00,A-05-02,A-05-02-RES-1,resident,main_lobby,exit,granted
EVT-001419,2026-08-09T07:57:00+08:00,B-02-01,B-02-01-RES-3,resident,main_lobby,exit,granted
EVT-002297,2026-08-09T08:06:00+08:00,B-06-01,B-06-01-RES-2,resident,main_lobby,exit,granted
EVT-000917,2026-08-09T08:14:00+08:00,A-06-01,A-06-01-RES-2,resident,main_lobby,exit,granted
EVT-002193,2026-08-09T08:21:00+08:00,B-05-02,B-05-02-RES-2,resident,main_lobby,exit,granted
EVT-000265,2026-08-09T08:22:00+08:00,A-03-02,A-03-02-RES-1,resident,main_lobby,exit,granted
EVT-000165,2026-08-09T08:39:00+08:00,A-03-01,A-03-01-RES-1,resident,main_lobby,exit,granted
EVT-002137,2026-08-09T08:42:00+08:00,B-05-02,B-05-02-RES-1,resident,main_lobby,exit,granted
EVT-001113,2026-08-09T08:43:00+08:00,A-07-01,A-07-01-RES-1,resident,main_lobby,exit,granted
EVT-002353,2026-08-09T08:47:00+08:00,B-06-02,B-06-02-RES-1,resident,main_lobby,exit,granted
EVT-000667,2026-08-09T08:48:00+08:00,A-05-01,A-05-01-RES-2,resident,main_lobby,exit,granted
EVT-000867,2026-08-09T08:52:00+08:00,A-06-01,A-06-01-RES-1,resident,main_lobby,exit,granted
EVT-000117,2026-08-09T09:02:00+08:00,A-02-02,A-02-02-RES-2,resident,main_lobby,exit,granted
EVT-002561,2026-08-09T09:09:00+08:00,B-07-02,B-07-02-RES-1,resident,main_lobby,exit,granted
EVT-001163,2026-08-09T09:12:00+08:00,A-07-01,A-07-01-RES-2,resident,main_lobby,exit,granted
EVT-001883,2026-08-09T09:13:00+08:00,B-04-01,B-04-01-RES-3,resident,main_lobby,exit,granted
EVT-000717,2026-08-09T09:20:00+08:00,A-05-01,A-05-01-RES-3,resident,main_lobby,exit,granted
EVT-002043,2026-08-09T09:22:00+08:00,B-05-01,B-05-01-RES-1,resident,main_lobby,exit,granted
EVT-001469,2026-08-09T09:28:00+08:00,B-02-02,B-02-02-RES-1,resident,main_lobby,exit,granted
EVT-001827,2026-08-09T09:33:00+08:00,B-04-01,B-04-01-RES-2,resident,main_lobby,exit,granted
EVT-000567,2026-08-09T09:36:00+08:00,A-04-02,A-04-02-RES-1,resident,main_lobby,exit,granted
EVT-000417,2026-08-09T09:37:00+08:00,A-04-01,A-04-01-RES-1,resident,main_lobby,exit,granted
EVT-001991,2026-08-09T09:37:00+08:00,B-04-02,B-04-02-RES-2,resident,main_lobby,exit,granted
EVT-000013,2026-08-09T09:47:00+08:00,A-02-01,A-02-01-RES-1,resident,main_lobby,exit,granted
EVT-001375,2026-08-09T09:49:00+08:00,B-02-01,B-02-01-RES-2,resident,main_lobby,exit,granted
EVT-002245,2026-08-09T09:49:00+08:00,B-06-01,B-06-01-RES-1,resident,main_lobby,exit,granted
EVT-000511,2026-08-09T09:52:00+08:00,A-04-01,A-04-01-RES-3,resident,main_lobby,exit,granted
EVT-001779,2026-08-09T09:53:00+08:00,B-04-01,B-04-01-RES-1,resident,main_lobby,exit,granted
EVT-001221,2026-08-09T09:55:00+08:00,A-07-02,A-07-02-RES-1,resident,main_lobby,exit,granted
EVT-002397,2026-08-09T09:56:00+08:00,B-06-02,B-06-02-RES-2,resident,main_lobby,exit,granted
EVT-002513,2026-08-09T09:59:00+08:00,B-07-01,B-07-01-RES-2,resident,main_lobby,exit,granted
EVT-002451,2026-08-09T10:02:00+08:00,B-07-01,B-07-01-RES-1,resident,main_lobby,exit,granted
EVT-001729,2026-08-09T10:20:00+08:00,B-03-02,B-03-02-RES-1,resident,main_lobby,exit,granted
EVT-000371,2026-08-09T10:21:00+08:00,A-03-02,A-03-02-RES-3,resident,main_lobby,exit,granted
EVT-001017,2026-08-09T10:29:00+08:00,A-06-02,A-06-02-RES-1,resident,main_lobby,exit,granted
EVT-001517,2026-08-09T10:36:00+08:00,B-02-02,B-02-02-RES-2,resident,main_lobby,exit,granted
EVT-001569,2026-08-09T10:40:00+08:00,B-03-01,B-03-01-RES-1,resident,main_lobby,exit,granted
EVT-000217,2026-08-09T10:46:00+08:00,A-03-01,A-03-01-RES-2,resident,main_lobby,exit,granted
EVT-000817,2026-08-09T10:48:00+08:00,A-05-02,A-05-02-RES-2,resident,main_lobby,exit,granted
EVT-001273,2026-08-09T10:55:00+08:00,A-07-02,A-07-02-RES-2,resident,main_lobby,exit,granted
EVT-002716,2026-08-09T13:00:00+08:00,B-04-01,B-04-01-WK-08-1,visitor_qr,main_lobby,exit,granted
EVT-002890,2026-08-09T13:24:00+08:00,A-07-02,A-07-02-G-02,visitor_card,main_lobby,exit,granted
EVT-002721,2026-08-09T15:00:00+08:00,B-04-01,B-04-01-WK-09-1,visitor_qr,main_lobby,entry,granted
EVT-002723,2026-08-09T15:20:00+08:00,B-04-01,B-04-01-WK-09-2,visitor_qr,main_lobby,entry,granted
EVT-002725,2026-08-09T15:40:00+08:00,B-04-01,B-04-01-WK-09-3,visitor_qr,main_lobby,entry,granted
EVT-002727,2026-08-09T16:00:00+08:00,B-04-01,B-04-01-WK-09-4,visitor_qr,main_lobby,entry,granted
EVT-000718,2026-08-09T17:05:00+08:00,A-05-01,A-05-01-RES-3,resident,main_lobby,entry,granted
EVT-001470,2026-08-09T17:16:00+08:00,B-02-02,B-02-02-RES-1,resident,main_lobby,entry,granted
EVT-000118,2026-08-09T17:21:00+08:00,A-02-02,A-02-02-RES-2,resident,main_lobby,entry,granted
EVT-002298,2026-08-09T17:29:00+08:00,B-06-01,B-06-01-RES-2,resident,main_lobby,entry,granted
EVT-000766,2026-08-09T17:33:00+08:00,A-05-02,A-05-02-RES-1,resident,main_lobby,entry,granted
EVT-001570,2026-08-09T17:43:00+08:00,B-03-01,B-03-01-RES-1,resident,main_lobby,entry,granted
EVT-001624,2026-08-09T17:55:00+08:00,B-03-01,B-03-01-RES-2,resident,main_lobby,entry,granted
EVT-001274,2026-08-09T18:05:00+08:00,A-07-02,A-07-02-RES-2,resident,main_lobby,entry,granted
EVT-001828,2026-08-09T18:11:00+08:00,B-04-01,B-04-01-RES-2,resident,main_lobby,entry,granted
EVT-001730,2026-08-09T18:21:00+08:00,B-03-02,B-03-02-RES-1,resident,main_lobby,entry,granted
EVT-001376,2026-08-09T18:28:00+08:00,B-02-01,B-02-01-RES-2,resident,main_lobby,entry,granted
EVT-000918,2026-08-09T18:30:00+08:00,A-06-01,A-06-01-RES-2,resident,main_lobby,entry,granted
EVT-001518,2026-08-09T18:30:00+08:00,B-02-02,B-02-02-RES-2,resident,main_lobby,entry,granted
EVT-001018,2026-08-09T18:46:00+08:00,A-06-02,A-06-02-RES-1,resident,main_lobby,entry,granted
EVT-000218,2026-08-09T18:53:00+08:00,A-03-01,A-03-01-RES-2,resident,main_lobby,entry,granted
EVT-002452,2026-08-09T18:58:00+08:00,B-07-01,B-07-01-RES-1,resident,main_lobby,entry,granted
EVT-001420,2026-08-09T19:03:00+08:00,B-02-01,B-02-01-RES-3,resident,main_lobby,entry,granted
EVT-002044,2026-08-09T19:14:00+08:00,B-05-01,B-05-01-RES-1,resident,main_lobby,entry,granted
EVT-000266,2026-08-09T19:21:00+08:00,A-03-02,A-03-02-RES-1,resident,main_lobby,entry,granted
EVT-002827,2026-08-09T19:34:00+08:00,B-06-02,B-06-02-ACT-05,access_card,main_lobby,exit,granted
EVT-000418,2026-08-09T19:40:00+08:00,A-04-01,A-04-01-RES-1,resident,main_lobby,entry,granted
EVT-002138,2026-08-09T19:47:00+08:00,B-05-02,B-05-02-RES-1,resident,main_lobby,entry,granted
EVT-002667,2026-08-09T20:00:00+08:00,A-03-01,A-03-01-GUEST-03,visitor_card,main_lobby,exit,granted
EVT-001164,2026-08-09T20:07:00+08:00,A-07-01,A-07-01-RES-2,resident,main_lobby,entry,granted
EVT-002194,2026-08-09T20:19:00+08:00,B-05-02,B-05-02-RES-2,resident,main_lobby,entry,granted
EVT-000512,2026-08-09T20:25:00+08:00,A-04-01,A-04-01-RES-3,resident,main_lobby,entry,granted
EVT-002398,2026-08-09T20:26:00+08:00,B-06-02,B-06-02-RES-2,resident,main_lobby,entry,granted
EVT-001322,2026-08-09T20:32:00+08:00,B-02-01,B-02-01-RES-1,resident,main_lobby,entry,granted
EVT-000568,2026-08-09T20:36:00+08:00,A-04-02,A-04-02-RES-1,resident,main_lobby,entry,granted
EVT-002779,2026-08-09T20:40:00+08:00,B-06-02,B-06-02-ACT-02,access_card,main_lobby,entry,granted
EVT-002763,2026-08-09T20:43:00+08:00,B-06-02,B-06-02-ACT-01,access_card,main_lobby,entry,granted
EVT-000064,2026-08-09T20:46:00+08:00,A-02-02,A-02-02-RES-1,resident,main_lobby,entry,granted
EVT-001884,2026-08-09T20:57:00+08:00,B-04-01,B-04-01-RES-3,resident,main_lobby,entry,granted
EVT-001114,2026-08-09T21:01:00+08:00,A-07-01,A-07-01-RES-1,resident,main_lobby,entry,granted
EVT-002354,2026-08-09T21:13:00+08:00,B-06-02,B-06-02-RES-1,resident,main_lobby,entry,granted
EVT-002246,2026-08-09T21:15:00+08:00,B-06-01,B-06-01-RES-1,resident,main_lobby,entry,granted
EVT-000372,2026-08-09T21:17:00+08:00,A-03-02,A-03-02-RES-3,resident,main_lobby,entry,granted
EVT-000818,2026-08-09T21:17:00+08:00,A-05-02,A-05-02-RES-2,resident,main_lobby,entry,granted
EVT-000868,2026-08-09T21:17:00+08:00,A-06-01,A-06-01-RES-1,resident,main_lobby,entry,granted
EVT-000166,2026-08-09T21:19:00+08:00,A-03-01,A-03-01-RES-1,resident,main_lobby,entry,granted
EVT-000014,2026-08-09T21:27:00+08:00,A-02-01,A-02-01-RES-1,resident,main_lobby,entry,granted
EVT-000964,2026-08-09T22:02:00+08:00,A-06-01,A-06-01-RES-3,resident,main_lobby,entry,granted
EVT-001222,2026-08-09T22:08:00+08:00,A-07-02,A-07-02-RES-1,resident,main_lobby,entry,granted
EVT-002859,2026-08-09T22:08:00+08:00,B-06-02,B-06-02-ACT-07,access_card,main_lobby,entry,granted
EVT-002092,2026-08-09T22:13:00+08:00,B-05-01,B-05-01-RES-2,resident,main_lobby,entry,granted
EVT-000668,2026-08-09T22:30:00+08:00,A-05-01,A-05-01-RES-2,resident,main_lobby,entry,granted
EVT-002514,2026-08-09T22:30:00+08:00,B-07-01,B-07-01-RES-2,resident,main_lobby,entry,granted
EVT-002795,2026-08-09T22:31:00+08:00,B-06-02,B-06-02-ACT-03,access_card,main_lobby,entry,granted
EVT-001780,2026-08-09T22:35:00+08:00,B-04-01,B-04-01-RES-1,resident,main_lobby,entry,granted
EVT-001676,2026-08-09T22:39:00+08:00,B-03-01,B-03-01-RES-3,resident,main_lobby,entry,granted
EVT-002562,2026-08-09T22:51:00+08:00,B-07-02,B-07-02-RES-1,resident,main_lobby,entry,granted
EVT-001992,2026-08-09T22:58:00+08:00,B-04-02,B-04-02-RES-2,resident,main_lobby,entry,granted
EVT-002728,2026-08-10T04:00:00+08:00,B-04-01,B-04-01-WK-09-4,visitor_qr,main_lobby,exit,granted
EVT-002139,2026-08-10T07:13:00+08:00,B-05-02,B-05-02-RES-1,resident,main_lobby,exit,granted
EVT-000065,2026-08-10T07:15:00+08:00,A-02-02,A-02-02-RES-1,resident,main_lobby,exit,granted
EVT-000167,2026-08-10T07:19:00+08:00,A-03-01,A-03-01-RES-1,resident,main_lobby,exit,granted
EVT-000513,2026-08-10T07:20:00+08:00,A-04-01,A-04-01-RES-3,resident,main_lobby,exit,granted
EVT-002093,2026-08-10T07:20:00+08:00,B-05-01,B-05-01-RES-2,resident,main_lobby,exit,granted
EVT-001471,2026-08-10T07:22:00+08:00,B-02-02,B-02-02-RES-1,resident,main_lobby,exit,granted
EVT-001993,2026-08-10T07:27:00+08:00,B-04-02,B-04-02-RES-2,resident,main_lobby,exit,granted
EVT-001625,2026-08-10T07:30:00+08:00,B-03-01,B-03-01-RES-2,resident,main_lobby,exit,granted
EVT-002247,2026-08-10T07:42:00+08:00,B-06-01,B-06-01-RES-1,resident,main_lobby,exit,granted
EVT-001677,2026-08-10T07:50:00+08:00,B-03-01,B-03-01-RES-3,resident,main_lobby,exit,granted
EVT-000669,2026-08-10T07:57:00+08:00,A-05-01,A-05-01-RES-2,resident,main_lobby,exit,granted
EVT-002722,2026-08-10T08:00:00+08:00,B-04-01,B-04-01-WK-09-1,visitor_qr,main_lobby,exit,granted
EVT-001019,2026-08-10T08:08:00+08:00,A-06-02,A-06-02-RES-1,resident,main_lobby,exit,granted
EVT-000767,2026-08-10T08:10:00+08:00,A-05-02,A-05-02-RES-1,resident,main_lobby,exit,granted
EVT-001885,2026-08-10T08:10:00+08:00,B-04-01,B-04-01-RES-3,resident,main_lobby,exit,granted
EVT-002453,2026-08-10T08:10:00+08:00,B-07-01,B-07-01-RES-1,resident,main_lobby,exit,granted
EVT-002563,2026-08-10T08:10:00+08:00,B-07-02,B-07-02-RES-1,resident,main_lobby,exit,granted
EVT-001223,2026-08-10T08:15:00+08:00,A-07-02,A-07-02-RES-1,resident,main_lobby,exit,granted
EVT-002299,2026-08-10T08:16:00+08:00,B-06-01,B-06-01-RES-2,resident,main_lobby,exit,granted
EVT-001829,2026-08-10T08:26:00+08:00,B-04-01,B-04-01-RES-2,resident,main_lobby,exit,granted
EVT-000319,2026-08-10T08:27:00+08:00,A-03-02,A-03-02-RES-2,resident,main_lobby,exit,granted
EVT-002045,2026-08-10T08:29:00+08:00,B-05-01,B-05-01-RES-1,resident,main_lobby,exit,granted
EVT-000965,2026-08-10T08:34:00+08:00,A-06-01,A-06-01-RES-3,resident,main_lobby,exit,granted
EVT-000219,2026-08-10T08:39:00+08:00,A-03-01,A-03-01-RES-2,resident,main_lobby,exit,granted
EVT-001061,2026-08-10T08:50:00+08:00,A-06-02,A-06-02-RES-2,resident,main_lobby,exit,granted
EVT-002621,2026-08-10T08:54:00+08:00,B-07-02,B-07-02-RES-2,resident,main_lobby,exit,granted
EVT-002399,2026-08-10T09:09:00+08:00,B-06-02,B-06-02-RES-2,resident,main_lobby,exit,granted
EVT-000119,2026-08-10T09:10:00+08:00,A-02-02,A-02-02-RES-2,resident,main_lobby,exit,granted
EVT-000719,2026-08-10T09:19:00+08:00,A-05-01,A-05-01-RES-3,resident,main_lobby,exit,granted
EVT-000919,2026-08-10T09:26:00+08:00,A-06-01,A-06-01-RES-2,resident,main_lobby,exit,granted
EVT-001571,2026-08-10T09:31:00+08:00,B-03-01,B-03-01-RES-1,resident,main_lobby,exit,granted
EVT-000267,2026-08-10T09:35:00+08:00,A-03-02,A-03-02-RES-1,resident,main_lobby,exit,granted
EVT-002355,2026-08-10T09:35:00+08:00,B-06-02,B-06-02-RES-1,resident,main_lobby,exit,granted
EVT-001937,2026-08-10T09:53:00+08:00,B-04-02,B-04-02-RES-1,resident,main_lobby,exit,granted
EVT-001377,2026-08-10T09:54:00+08:00,B-02-01,B-02-01-RES-2,resident,main_lobby,exit,granted
EVT-000569,2026-08-10T10:18:00+08:00,A-04-02,A-04-02-RES-1,resident,main_lobby,exit,granted
EVT-000463,2026-08-10T10:23:00+08:00,A-04-01,A-04-01-RES-2,resident,main_lobby,exit,granted
EVT-002195,2026-08-10T10:23:00+08:00,B-05-02,B-05-02-RES-2,resident,main_lobby,exit,granted
EVT-001165,2026-08-10T10:33:00+08:00,A-07-01,A-07-01-RES-2,resident,main_lobby,exit,granted
EVT-001421,2026-08-10T10:33:00+08:00,B-02-01,B-02-01-RES-3,resident,main_lobby,exit,granted
EVT-001323,2026-08-10T10:54:00+08:00,B-02-01,B-02-01-RES-1,resident,main_lobby,exit,granted
EVT-001519,2026-08-10T10:57:00+08:00,B-02-02,B-02-02-RES-2,resident,main_lobby,exit,granted
EVT-002726,2026-08-10T11:40:00+08:00,B-04-01,B-04-01-WK-09-3,visitor_qr,main_lobby,exit,granted
EVT-002724,2026-08-10T12:20:00+08:00,B-04-01,B-04-01-WK-09-2,visitor_qr,main_lobby,exit,granted
EVT-002668,2026-08-10T15:00:00+08:00,A-03-01,A-03-01-GUEST-04,visitor_card,main_lobby,entry,granted
EVT-002669,2026-08-10T15:04:00+08:00,A-03-01,A-03-01-GUEST-04,visitor_card,lift_lobby,entry,granted
EVT-000670,2026-08-10T17:01:00+08:00,A-05-01,A-05-01-RES-2,resident,main_lobby,entry,granted
EVT-001378,2026-08-10T17:05:00+08:00,B-02-01,B-02-01-RES-2,resident,main_lobby,entry,granted
EVT-002564,2026-08-10T17:19:00+08:00,B-07-02,B-07-02-RES-1,resident,main_lobby,entry,granted
EVT-000570,2026-08-10T17:25:00+08:00,A-04-02,A-04-02-RES-1,resident,main_lobby,entry,granted
EVT-001678,2026-08-10T17:31:00+08:00,B-03-01,B-03-01-RES-3,resident,main_lobby,entry,granted
EVT-000268,2026-08-10T17:33:00+08:00,A-03-02,A-03-02-RES-1,resident,main_lobby,entry,granted
EVT-000320,2026-08-10T17:34:00+08:00,A-03-02,A-03-02-RES-2,resident,main_lobby,entry,granted
EVT-002400,2026-08-10T18:06:00+08:00,B-06-02,B-06-02-RES-2,resident,main_lobby,entry,granted
EVT-002454,2026-08-10T18:11:00+08:00,B-07-01,B-07-01-RES-1,resident,main_lobby,entry,granted
EVT-000066,2026-08-10T18:12:00+08:00,A-02-02,A-02-02-RES-1,resident,main_lobby,entry,granted
EVT-001886,2026-08-10T18:14:00+08:00,B-04-01,B-04-01-RES-3,resident,main_lobby,entry,granted
EVT-001994,2026-08-10T18:16:00+08:00,B-04-02,B-04-02-RES-2,resident,main_lobby,entry,granted
EVT-002140,2026-08-10T18:25:00+08:00,B-05-02,B-05-02-RES-1,resident,main_lobby,entry,granted
EVT-001626,2026-08-10T18:32:00+08:00,B-03-01,B-03-01-RES-2,resident,main_lobby,entry,granted
EVT-001224,2026-08-10T18:45:00+08:00,A-07-02,A-07-02-RES-1,resident,main_lobby,entry,granted
EVT-000966,2026-08-10T18:48:00+08:00,A-06-01,A-06-01-RES-3,resident,main_lobby,entry,granted
EVT-002622,2026-08-10T19:03:00+08:00,B-07-02,B-07-02-RES-2,resident,main_lobby,entry,granted
EVT-000168,2026-08-10T19:13:00+08:00,A-03-01,A-03-01-RES-1,resident,main_lobby,entry,granted
EVT-002094,2026-08-10T19:39:00+08:00,B-05-01,B-05-01-RES-2,resident,main_lobby,entry,granted
EVT-001422,2026-08-10T19:49:00+08:00,B-02-01,B-02-01-RES-3,resident,main_lobby,entry,granted
EVT-001472,2026-08-10T19:50:00+08:00,B-02-02,B-02-02-RES-1,resident,main_lobby,entry,granted
EVT-002300,2026-08-10T19:56:00+08:00,B-06-01,B-06-01-RES-2,resident,main_lobby,entry,granted
EVT-000768,2026-08-10T19:59:00+08:00,A-05-02,A-05-02-RES-1,resident,main_lobby,entry,granted
EVT-000514,2026-08-10T20:20:00+08:00,A-04-01,A-04-01-RES-3,resident,main_lobby,entry,granted
EVT-002046,2026-08-10T20:36:00+08:00,B-05-01,B-05-01-RES-1,resident,main_lobby,entry,granted
EVT-000720,2026-08-10T20:38:00+08:00,A-05-01,A-05-01-RES-3,resident,main_lobby,entry,granted
EVT-002356,2026-08-10T20:39:00+08:00,B-06-02,B-06-02-RES-1,resident,main_lobby,entry,granted
EVT-002196,2026-08-10T20:44:00+08:00,B-05-02,B-05-02-RES-2,resident,main_lobby,entry,granted
EVT-000220,2026-08-10T21:01:00+08:00,A-03-01,A-03-01-RES-2,resident,main_lobby,entry,granted
EVT-001324,2026-08-10T21:10:00+08:00,B-02-01,B-02-01-RES-1,resident,main_lobby,entry,granted
EVT-001572,2026-08-10T21:28:00+08:00,B-03-01,B-03-01-RES-1,resident,main_lobby,entry,granted
EVT-001830,2026-08-10T21:34:00+08:00,B-04-01,B-04-01-RES-2,resident,main_lobby,entry,granted
EVT-002248,2026-08-10T21:52:00+08:00,B-06-01,B-06-01-RES-1,resident,main_lobby,entry,granted
EVT-001520,2026-08-10T22:02:00+08:00,B-02-02,B-02-02-RES-2,resident,main_lobby,entry,granted
EVT-001938,2026-08-10T22:16:00+08:00,B-04-02,B-04-02-RES-1,resident,main_lobby,entry,granted
EVT-001166,2026-08-10T22:20:00+08:00,A-07-01,A-07-01-RES-2,resident,main_lobby,entry,granted
EVT-000120,2026-08-10T22:28:00+08:00,A-02-02,A-02-02-RES-2,resident,main_lobby,entry,granted
EVT-001020,2026-08-10T22:34:00+08:00,A-06-02,A-06-02-RES-1,resident,main_lobby,entry,granted
EVT-000920,2026-08-10T22:35:00+08:00,A-06-01,A-06-01-RES-2,resident,main_lobby,entry,granted
EVT-001062,2026-08-10T22:46:00+08:00,A-06-02,A-06-02-RES-2,resident,main_lobby,entry,granted
EVT-000464,2026-08-10T22:47:00+08:00,A-04-01,A-04-01-RES-2,resident,main_lobby,entry,granted
EVT-002828,2026-08-11T06:02:00+08:00,B-06-02,B-06-02-ACT-05,access_card,main_lobby,exit,granted
EVT-002764,2026-08-11T06:58:00+08:00,B-06-02,B-06-02-ACT-01,access_card,main_lobby,exit,granted
EVT-002623,2026-08-11T07:00:00+08:00,B-07-02,B-07-02-RES-2,resident,main_lobby,exit,granted
EVT-001473,2026-08-11T07:03:00+08:00,B-02-02,B-02-02-RES-1,resident,main_lobby,exit,granted
EVT-000819,2026-08-11T07:08:00+08:00,A-05-02,A-05-02-RES-2,resident,main_lobby,exit,granted
EVT-002455,2026-08-11T07:26:00+08:00,B-07-01,B-07-01-RES-1,resident,main_lobby,exit,granted
EVT-001021,2026-08-11T07:33:00+08:00,A-06-02,A-06-02-RES-1,resident,main_lobby,exit,granted
EVT-002796,2026-08-11T07:34:00+08:00,B-06-02,B-06-02-ACT-03,access_card,main_lobby,exit,granted
EVT-001275,2026-08-11T07:37:00+08:00,A-07-02,A-07-02-RES-2,resident,main_lobby,exit,granted
EVT-002860,2026-08-11T07:40:00+08:00,B-06-02,B-06-02-ACT-07,access_card,main_lobby,exit,granted
EVT-002401,2026-08-11T07:48:00+08:00,B-06-02,B-06-02-RES-2,resident,main_lobby,exit,granted
EVT-002141,2026-08-11T07:59:00+08:00,B-05-02,B-05-02-RES-1,resident,main_lobby,exit,granted
EVT-000869,2026-08-11T08:06:00+08:00,A-06-01,A-06-01-RES-1,resident,main_lobby,exit,granted
EVT-001521,2026-08-11T08:07:00+08:00,B-02-02,B-02-02-RES-2,resident,main_lobby,exit,granted
EVT-000015,2026-08-11T08:08:00+08:00,A-02-01,A-02-01-RES-1,resident,main_lobby,exit,granted
EVT-001423,2026-08-11T08:10:00+08:00,B-02-01,B-02-01-RES-3,resident,main_lobby,exit,granted
EVT-001781,2026-08-11T08:12:00+08:00,B-04-01,B-04-01-RES-1,resident,main_lobby,exit,granted
EVT-002301,2026-08-11T08:16:00+08:00,B-06-01,B-06-01-RES-2,resident,main_lobby,exit,granted
EVT-000617,2026-08-11T08:21:00+08:00,A-05-01,A-05-01-RES-1,resident,main_lobby,exit,granted
EVT-001939,2026-08-11T08:24:00+08:00,B-04-02,B-04-02-RES-1,resident,main_lobby,exit,granted
EVT-002047,2026-08-11T08:26:00+08:00,B-05-01,B-05-01-RES-1,resident,main_lobby,exit,granted
EVT-000067,2026-08-11T08:27:00+08:00,A-02-02,A-02-02-RES-1,resident,main_lobby,exit,granted
EVT-001115,2026-08-11T08:28:00+08:00,A-07-01,A-07-01-RES-1,resident,main_lobby,exit,granted
EVT-002515,2026-08-11T08:30:00+08:00,B-07-01,B-07-01-RES-2,resident,main_lobby,exit,granted
EVT-000671,2026-08-11T08:35:00+08:00,A-05-01,A-05-01-RES-2,resident,main_lobby,exit,granted
EVT-001731,2026-08-11T08:35:00+08:00,B-03-02,B-03-02-RES-1,resident,main_lobby,exit,granted
EVT-000721,2026-08-11T08:44:00+08:00,A-05-01,A-05-01-RES-3,resident,main_lobby,exit,granted
EVT-002357,2026-08-11T08:44:00+08:00,B-06-02,B-06-02-RES-1,resident,main_lobby,exit,granted
EVT-001225,2026-08-11T08:48:00+08:00,A-07-02,A-07-02-RES-1,resident,main_lobby,exit,granted
EVT-001679,2026-08-11T08:49:00+08:00,B-03-01,B-03-01-RES-3,resident,main_lobby,exit,granted
EVT-000321,2026-08-11T08:58:00+08:00,A-03-02,A-03-02-RES-2,resident,main_lobby,exit,granted
EVT-001995,2026-08-11T08:58:00+08:00,B-04-02,B-04-02-RES-2,resident,main_lobby,exit,granted
EVT-001063,2026-08-11T09:03:00+08:00,A-06-02,A-06-02-RES-2,resident,main_lobby,exit,granted
EVT-002197,2026-08-11T09:05:00+08:00,B-05-02,B-05-02-RES-2,resident,main_lobby,exit,granted
EVT-000515,2026-08-11T09:09:00+08:00,A-04-01,A-04-01-RES-3,resident,main_lobby,exit,granted
EVT-000571,2026-08-11T09:10:00+08:00,A-04-02,A-04-02-RES-1,resident,main_lobby,exit,granted
EVT-001887,2026-08-11T09:12:00+08:00,B-04-01,B-04-01-RES-3,resident,main_lobby,exit,granted
EVT-001831,2026-08-11T09:14:00+08:00,B-04-01,B-04-01-RES-2,resident,main_lobby,exit,granted
EVT-000169,2026-08-11T09:29:00+08:00,A-03-01,A-03-01-RES-1,resident,main_lobby,exit,granted
EVT-000769,2026-08-11T09:33:00+08:00,A-05-02,A-05-02-RES-1,resident,main_lobby,exit,granted
EVT-002565,2026-08-11T09:34:00+08:00,B-07-02,B-07-02-RES-1,resident,main_lobby,exit,granted
EVT-001325,2026-08-11T09:49:00+08:00,B-02-01,B-02-01-RES-1,resident,main_lobby,exit,granted
EVT-001379,2026-08-11T09:52:00+08:00,B-02-01,B-02-01-RES-2,resident,main_lobby,exit,granted
EVT-000373,2026-08-11T09:53:00+08:00,A-03-02,A-03-02-RES-3,resident,main_lobby,exit,granted
EVT-001627,2026-08-11T10:33:00+08:00,B-03-01,B-03-01-RES-2,resident,main_lobby,exit,granted
EVT-000121,2026-08-11T10:35:00+08:00,A-02-02,A-02-02-RES-2,resident,main_lobby,exit,granted
EVT-000465,2026-08-11T10:37:00+08:00,A-04-01,A-04-01-RES-2,resident,main_lobby,exit,granted
EVT-001167,2026-08-11T10:37:00+08:00,A-07-01,A-07-01-RES-2,resident,main_lobby,exit,granted
EVT-001573,2026-08-11T10:37:00+08:00,B-03-01,B-03-01-RES-1,resident,main_lobby,exit,granted
EVT-002249,2026-08-11T10:49:00+08:00,B-06-01,B-06-01-RES-1,resident,main_lobby,exit,granted
EVT-000419,2026-08-11T10:54:00+08:00,A-04-01,A-04-01-RES-1,resident,main_lobby,exit,granted
EVT-000122,2026-08-11T17:07:00+08:00,A-02-02,A-02-02-RES-2,resident,main_lobby,entry,granted
EVT-001888,2026-08-11T17:11:00+08:00,B-04-01,B-04-01-RES-3,resident,main_lobby,entry,granted
EVT-001424,2026-08-11T17:15:00+08:00,B-02-01,B-02-01-RES-3,resident,main_lobby,entry,granted
EVT-001996,2026-08-11T17:18:00+08:00,B-04-02,B-04-02-RES-2,resident,main_lobby,entry,granted
EVT-001168,2026-08-11T17:22:00+08:00,A-07-01,A-07-01-RES-2,resident,main_lobby,entry,granted
EVT-000820,2026-08-11T17:25:00+08:00,A-05-02,A-05-02-RES-2,resident,main_lobby,entry,granted
EVT-001064,2026-08-11T17:27:00+08:00,A-06-02,A-06-02-RES-2,resident,main_lobby,entry,granted
EVT-000618,2026-08-11T17:37:00+08:00,A-05-01,A-05-01-RES-1,resident,main_lobby,entry,granted
EVT-001022,2026-08-11T17:53:00+08:00,A-06-02,A-06-02-RES-1,resident,main_lobby,entry,granted
EVT-001326,2026-08-11T17:57:00+08:00,B-02-01,B-02-01-RES-1,resident,main_lobby,entry,granted
EVT-002670,2026-08-11T18:00:00+08:00,A-03-01,A-03-01-GUEST-04,visitor_card,main_lobby,exit,granted
EVT-002198,2026-08-11T18:03:00+08:00,B-05-02,B-05-02-RES-2,resident,main_lobby,entry,granted
EVT-002876,2026-08-11T18:13:00+08:00,B-06-02,B-06-02-ACT-08,access_card,main_lobby,exit,granted
EVT-000068,2026-08-11T18:17:00+08:00,A-02-02,A-02-02-RES-1,resident,main_lobby,entry,granted
EVT-001782,2026-08-11T18:39:00+08:00,B-04-01,B-04-01-RES-1,resident,main_lobby,entry,granted
EVT-002516,2026-08-11T18:40:00+08:00,B-07-01,B-07-01-RES-2,resident,main_lobby,entry,granted
EVT-001832,2026-08-11T18:42:00+08:00,B-04-01,B-04-01-RES-2,resident,main_lobby,entry,granted
EVT-002812,2026-08-11T18:43:00+08:00,B-06-02,B-06-02-ACT-04,access_card,main_lobby,exit,granted
EVT-002302,2026-08-11T19:05:00+08:00,B-06-01,B-06-01-RES-2,resident,main_lobby,entry,granted
EVT-000420,2026-08-11T19:12:00+08:00,A-04-01,A-04-01-RES-1,resident,main_lobby,entry,granted
EVT-002456,2026-08-11T19:19:00+08:00,B-07-01,B-07-01-RES-1,resident,main_lobby,entry,granted
EVT-002844,2026-08-11T19:21:00+08:00,B-06-02,B-06-02-ACT-06,access_card,main_lobby,exit,granted
EVT-001628,2026-08-11T19:26:00+08:00,B-03-01,B-03-01-RES-2,resident,main_lobby,entry,granted
EVT-000322,2026-08-11T19:52:00+08:00,A-03-02,A-03-02-RES-2,resident,main_lobby,entry,granted
EVT-001116,2026-08-11T19:53:00+08:00,A-07-01,A-07-01-RES-1,resident,main_lobby,entry,granted
EVT-001680,2026-08-11T19:53:00+08:00,B-03-01,B-03-01-RES-3,resident,main_lobby,entry,granted
EVT-000770,2026-08-11T19:54:00+08:00,A-05-02,A-05-02-RES-1,resident,main_lobby,entry,granted
EVT-002566,2026-08-11T20:03:00+08:00,B-07-02,B-07-02-RES-1,resident,main_lobby,entry,granted
EVT-001522,2026-08-11T20:11:00+08:00,B-02-02,B-02-02-RES-2,resident,main_lobby,entry,granted
EVT-000722,2026-08-11T20:22:00+08:00,A-05-01,A-05-01-RES-3,resident,main_lobby,entry,granted
EVT-000170,2026-08-11T20:28:00+08:00,A-03-01,A-03-01-RES-1,resident,main_lobby,entry,granted
EVT-001474,2026-08-11T20:28:00+08:00,B-02-02,B-02-02-RES-1,resident,main_lobby,entry,granted
EVT-002142,2026-08-11T20:35:00+08:00,B-05-02,B-05-02-RES-1,resident,main_lobby,entry,granted
EVT-002048,2026-08-11T21:06:00+08:00,B-05-01,B-05-01-RES-1,resident,main_lobby,entry,granted
EVT-002250,2026-08-11T21:09:00+08:00,B-06-01,B-06-01-RES-1,resident,main_lobby,entry,granted
EVT-001574,2026-08-11T21:22:00+08:00,B-03-01,B-03-01-RES-1,resident,main_lobby,entry,granted
EVT-000572,2026-08-11T21:29:00+08:00,A-04-02,A-04-02-RES-1,resident,main_lobby,entry,granted
EVT-000016,2026-08-11T21:31:00+08:00,A-02-01,A-02-01-RES-1,resident,main_lobby,entry,granted
EVT-000374,2026-08-11T21:37:00+08:00,A-03-02,A-03-02-RES-3,resident,main_lobby,entry,granted
EVT-002402,2026-08-11T21:39:00+08:00,B-06-02,B-06-02-RES-2,resident,main_lobby,entry,granted
EVT-000870,2026-08-11T21:47:00+08:00,A-06-01,A-06-01-RES-1,resident,main_lobby,entry,granted
EVT-002780,2026-08-11T22:07:00+08:00,B-06-02,B-06-02-ACT-02,access_card,main_lobby,entry,granted
EVT-001276,2026-08-11T22:24:00+08:00,A-07-02,A-07-02-RES-2,resident,main_lobby,entry,granted
EVT-001732,2026-08-11T22:24:00+08:00,B-03-02,B-03-02-RES-1,resident,main_lobby,entry,granted
EVT-001940,2026-08-11T22:24:00+08:00,B-04-02,B-04-02-RES-1,resident,main_lobby,entry,granted
EVT-001226,2026-08-11T22:25:00+08:00,A-07-02,A-07-02-RES-1,resident,main_lobby,entry,granted
EVT-002693,2026-08-11T22:31:00+08:00,A-05-02,A-05-02-TEMP-03,visitor_card,main_lobby,entry,granted
EVT-002624,2026-08-11T22:35:00+08:00,B-07-02,B-07-02-RES-2,resident,main_lobby,entry,granted
EVT-000672,2026-08-11T22:38:00+08:00,A-05-01,A-05-01-RES-2,resident,main_lobby,entry,granted
EVT-002358,2026-08-11T22:42:00+08:00,B-06-02,B-06-02-RES-1,resident,main_lobby,entry,granted
EVT-001380,2026-08-11T22:44:00+08:00,B-02-01,B-02-01-RES-2,resident,main_lobby,entry,granted
EVT-000466,2026-08-11T22:46:00+08:00,A-04-01,A-04-01-RES-2,resident,main_lobby,entry,granted
EVT-000516,2026-08-11T22:59:00+08:00,A-04-01,A-04-01-RES-3,resident,main_lobby,entry,granted
EVT-002694,2026-08-12T02:31:00+08:00,A-05-02,A-05-02-TEMP-03,visitor_card,main_lobby,exit,granted
EVT-000221,2026-08-12T07:05:00+08:00,A-03-01,A-03-01-RES-2,resident,main_lobby,exit,granted
EVT-000323,2026-08-12T07:10:00+08:00,A-03-02,A-03-02-RES-2,resident,main_lobby,exit,granted
EVT-001327,2026-08-12T07:14:00+08:00,B-02-01,B-02-01-RES-1,resident,main_lobby,exit,granted
EVT-002359,2026-08-12T07:16:00+08:00,B-06-02,B-06-02-RES-1,resident,main_lobby,exit,granted
EVT-001065,2026-08-12T07:21:00+08:00,A-06-02,A-06-02-RES-2,resident,main_lobby,exit,granted
EVT-000069,2026-08-12T07:28:00+08:00,A-02-02,A-02-02-RES-1,resident,main_lobby,exit,granted
EVT-001941,2026-08-12T07:33:00+08:00,B-04-02,B-04-02-RES-1,resident,main_lobby,exit,granted
EVT-000673,2026-08-12T07:49:00+08:00,A-05-01,A-05-01-RES-2,resident,main_lobby,exit,granted
EVT-000517,2026-08-12T07:53:00+08:00,A-04-01,A-04-01-RES-3,resident,main_lobby,exit,granted
EVT-001889,2026-08-12T07:54:00+08:00,B-04-01,B-04-01-RES-3,resident,main_lobby,exit,granted
EVT-000017,2026-08-12T07:55:00+08:00,A-02-01,A-02-01-RES-1,resident,main_lobby,exit,granted
EVT-000871,2026-08-12T08:03:00+08:00,A-06-01,A-06-01-RES-1,resident,main_lobby,exit,granted
EVT-001733,2026-08-12T08:05:00+08:00,B-03-02,B-03-02-RES-1,resident,main_lobby,exit,granted
EVT-001629,2026-08-12T08:08:00+08:00,B-03-01,B-03-01-RES-2,resident,main_lobby,exit,granted
EVT-001681,2026-08-12T08:22:00+08:00,B-03-01,B-03-01-RES-3,resident,main_lobby,exit,granted
EVT-000123,2026-08-12T08:34:00+08:00,A-02-02,A-02-02-RES-2,resident,main_lobby,exit,granted
EVT-002403,2026-08-12T08:38:00+08:00,B-06-02,B-06-02-RES-2,resident,main_lobby,exit,granted
EVT-000771,2026-08-12T08:40:00+08:00,A-05-02,A-05-02-RES-1,resident,main_lobby,exit,granted
EVT-002303,2026-08-12T08:46:00+08:00,B-06-01,B-06-01-RES-2,resident,main_lobby,exit,granted
EVT-000921,2026-08-12T08:48:00+08:00,A-06-01,A-06-01-RES-2,resident,main_lobby,exit,granted
EVT-001381,2026-08-12T08:53:00+08:00,B-02-01,B-02-01-RES-2,resident,main_lobby,exit,granted
EVT-001475,2026-08-12T08:56:00+08:00,B-02-02,B-02-02-RES-1,resident,main_lobby,exit,granted
EVT-000967,2026-08-12T09:14:00+08:00,A-06-01,A-06-01-RES-3,resident,main_lobby,exit,granted
EVT-002095,2026-08-12T09:15:00+08:00,B-05-01,B-05-01-RES-2,resident,main_lobby,exit,granted
EVT-001833,2026-08-12T09:18:00+08:00,B-04-01,B-04-01-RES-2,resident,main_lobby,exit,granted
EVT-000619,2026-08-12T09:19:00+08:00,A-05-01,A-05-01-RES-1,resident,main_lobby,exit,granted
EVT-002049,2026-08-12T09:21:00+08:00,B-05-01,B-05-01-RES-1,resident,main_lobby,exit,granted
EVT-002251,2026-08-12T09:26:00+08:00,B-06-01,B-06-01-RES-1,resident,main_lobby,exit,granted
EVT-002517,2026-08-12T09:29:00+08:00,B-07-01,B-07-01-RES-2,resident,main_lobby,exit,granted
EVT-001425,2026-08-12T09:34:00+08:00,B-02-01,B-02-01-RES-3,resident,main_lobby,exit,granted
EVT-000821,2026-08-12T09:35:00+08:00,A-05-02,A-05-02-RES-2,resident,main_lobby,exit,granted
EVT-000723,2026-08-12T09:39:00+08:00,A-05-01,A-05-01-RES-3,resident,main_lobby,exit,granted
EVT-001227,2026-08-12T09:40:00+08:00,A-07-02,A-07-02-RES-1,resident,main_lobby,exit,granted
EVT-001575,2026-08-12T09:47:00+08:00,B-03-01,B-03-01-RES-1,resident,main_lobby,exit,granted
EVT-001783,2026-08-12T09:58:00+08:00,B-04-01,B-04-01-RES-1,resident,main_lobby,exit,granted
EVT-002199,2026-08-12T10:04:00+08:00,B-05-02,B-05-02-RES-2,resident,main_lobby,exit,granted
EVT-001997,2026-08-12T10:16:00+08:00,B-04-02,B-04-02-RES-2,resident,main_lobby,exit,granted
EVT-002457,2026-08-12T10:18:00+08:00,B-07-01,B-07-01-RES-1,resident,main_lobby,exit,granted
EVT-001277,2026-08-12T10:20:00+08:00,A-07-02,A-07-02-RES-2,resident,main_lobby,exit,granted
EVT-000269,2026-08-12T10:31:00+08:00,A-03-02,A-03-02-RES-1,resident,main_lobby,exit,granted
EVT-002143,2026-08-12T10:33:00+08:00,B-05-02,B-05-02-RES-1,resident,main_lobby,exit,granted
EVT-001169,2026-08-12T10:39:00+08:00,A-07-01,A-07-01-RES-2,resident,main_lobby,exit,granted
EVT-000467,2026-08-12T10:41:00+08:00,A-04-01,A-04-01-RES-2,resident,main_lobby,exit,granted
EVT-001117,2026-08-12T10:43:00+08:00,A-07-01,A-07-01-RES-1,resident,main_lobby,exit,granted
EVT-000171,2026-08-12T10:50:00+08:00,A-03-01,A-03-01-RES-1,resident,main_lobby,exit,granted
EVT-002567,2026-08-12T10:57:00+08:00,B-07-02,B-07-02-RES-1,resident,main_lobby,exit,granted
EVT-002671,2026-08-12T14:00:00+08:00,A-03-01,A-03-01-GUEST-05,visitor_card,main_lobby,entry,granted
EVT-002672,2026-08-12T14:04:00+08:00,A-03-01,A-03-01-GUEST-05,visitor_card,lift_lobby,entry,granted
EVT-002891,2026-08-12T14:04:00+08:00,A-07-02,A-07-02-G-03,visitor_card,main_lobby,entry,granted
EVT-000518,2026-08-12T17:05:00+08:00,A-04-01,A-04-01-RES-3,resident,main_lobby,entry,granted
EVT-002144,2026-08-12T17:06:00+08:00,B-05-02,B-05-02-RES-1,resident,main_lobby,entry,granted
EVT-000018,2026-08-12T17:09:00+08:00,A-02-01,A-02-01-RES-1,resident,main_lobby,entry,granted
EVT-002304,2026-08-12T17:46:00+08:00,B-06-01,B-06-01-RES-2,resident,main_lobby,entry,granted
EVT-002050,2026-08-12T17:51:00+08:00,B-05-01,B-05-01-RES-1,resident,main_lobby,entry,granted
EVT-000124,2026-08-12T17:53:00+08:00,A-02-02,A-02-02-RES-2,resident,main_lobby,entry,granted
EVT-000468,2026-08-12T17:53:00+08:00,A-04-01,A-04-01-RES-2,resident,main_lobby,entry,granted
EVT-001998,2026-08-12T18:00:00+08:00,B-04-02,B-04-02-RES-2,resident,main_lobby,entry,granted
EVT-002360,2026-08-12T18:03:00+08:00,B-06-02,B-06-02-RES-1,resident,main_lobby,entry,granted
EVT-002404,2026-08-12T18:14:00+08:00,B-06-02,B-06-02-RES-2,resident,main_lobby,entry,granted
EVT-001278,2026-08-12T18:15:00+08:00,A-07-02,A-07-02-RES-2,resident,main_lobby,entry,granted
EVT-001630,2026-08-12T18:21:00+08:00,B-03-01,B-03-01-RES-2,resident,main_lobby,entry,granted
EVT-000922,2026-08-12T18:43:00+08:00,A-06-01,A-06-01-RES-2,resident,main_lobby,entry,granted
EVT-001834,2026-08-12T18:48:00+08:00,B-04-01,B-04-01-RES-2,resident,main_lobby,entry,granted
EVT-001170,2026-08-12T18:52:00+08:00,A-07-01,A-07-01-RES-2,resident,main_lobby,entry,granted
EVT-001382,2026-08-12T19:09:00+08:00,B-02-01,B-02-01-RES-2,resident,main_lobby,entry,granted
EVT-000674,2026-08-12T19:15:00+08:00,A-05-01,A-05-01-RES-2,resident,main_lobby,entry,granted
EVT-001942,2026-08-12T19:24:00+08:00,B-04-02,B-04-02-RES-1,resident,main_lobby,entry,granted
EVT-002096,2026-08-12T19:30:00+08:00,B-05-01,B-05-01-RES-2,resident,main_lobby,entry,granted
EVT-000324,2026-08-12T19:38:00+08:00,A-03-02,A-03-02-RES-2,resident,main_lobby,entry,granted
EVT-000822,2026-08-12T19:48:00+08:00,A-05-02,A-05-02-RES-2,resident,main_lobby,entry,granted
EVT-001118,2026-08-12T20:08:00+08:00,A-07-01,A-07-01-RES-1,resident,main_lobby,entry,granted
EVT-000724,2026-08-12T20:17:00+08:00,A-05-01,A-05-01-RES-3,resident,main_lobby,entry,granted
EVT-001228,2026-08-12T20:24:00+08:00,A-07-02,A-07-02-RES-1,resident,main_lobby,entry,granted
EVT-001734,2026-08-12T20:28:00+08:00,B-03-02,B-03-02-RES-1,resident,main_lobby,entry,granted
EVT-001476,2026-08-12T20:31:00+08:00,B-02-02,B-02-02-RES-1,resident,main_lobby,entry,granted
EVT-002518,2026-08-12T20:59:00+08:00,B-07-01,B-07-01-RES-2,resident,main_lobby,entry,granted
EVT-000070,2026-08-12T21:06:00+08:00,A-02-02,A-02-02-RES-1,resident,main_lobby,entry,granted
EVT-000772,2026-08-12T21:17:00+08:00,A-05-02,A-05-02-RES-1,resident,main_lobby,entry,granted
EVT-001890,2026-08-12T21:29:00+08:00,B-04-01,B-04-01-RES-3,resident,main_lobby,entry,granted
EVT-002200,2026-08-12T21:30:00+08:00,B-05-02,B-05-02-RES-2,resident,main_lobby,entry,granted
EVT-000270,2026-08-12T21:48:00+08:00,A-03-02,A-03-02-RES-1,resident,main_lobby,entry,granted
EVT-001066,2026-08-12T21:49:00+08:00,A-06-02,A-06-02-RES-2,resident,main_lobby,entry,granted
EVT-001426,2026-08-12T22:03:00+08:00,B-02-01,B-02-01-RES-3,resident,main_lobby,entry,granted
EVT-002568,2026-08-12T22:03:00+08:00,B-07-02,B-07-02-RES-1,resident,main_lobby,entry,granted
EVT-001576,2026-08-12T22:05:00+08:00,B-03-01,B-03-01-RES-1,resident,main_lobby,entry,granted
EVT-001784,2026-08-12T22:08:00+08:00,B-04-01,B-04-01-RES-1,resident,main_lobby,entry,granted
EVT-000172,2026-08-12T22:10:00+08:00,A-03-01,A-03-01-RES-1,resident,main_lobby,entry,granted
EVT-002458,2026-08-12T22:11:00+08:00,B-07-01,B-07-01-RES-1,resident,main_lobby,entry,granted
EVT-002252,2026-08-12T22:20:00+08:00,B-06-01,B-06-01-RES-1,resident,main_lobby,entry,granted
EVT-001682,2026-08-12T22:26:00+08:00,B-03-01,B-03-01-RES-3,resident,main_lobby,entry,granted
EVT-000222,2026-08-12T22:27:00+08:00,A-03-01,A-03-01-RES-2,resident,main_lobby,entry,granted
EVT-001328,2026-08-12T22:32:00+08:00,B-02-01,B-02-01-RES-1,resident,main_lobby,entry,granted
EVT-000968,2026-08-12T22:36:00+08:00,A-06-01,A-06-01-RES-3,resident,main_lobby,entry,granted
EVT-000620,2026-08-12T22:44:00+08:00,A-05-01,A-05-01-RES-1,resident,main_lobby,entry,granted
EVT-000872,2026-08-12T22:57:00+08:00,A-06-01,A-06-01-RES-1,resident,main_lobby,entry,granted
EVT-002829,2026-08-13T06:21:00+08:00,B-06-02,B-06-02-ACT-05,access_card,main_lobby,entry,granted
EVT-002253,2026-08-13T07:02:00+08:00,B-06-01,B-06-01-RES-1,resident,main_lobby,exit,granted
EVT-000725,2026-08-13T07:04:00+08:00,A-05-01,A-05-01-RES-3,resident,main_lobby,exit,granted
EVT-000071,2026-08-13T07:05:00+08:00,A-02-02,A-02-02-RES-1,resident,main_lobby,exit,granted
EVT-002569,2026-08-13T07:05:00+08:00,B-07-02,B-07-02-RES-1,resident,main_lobby,exit,granted
EVT-000675,2026-08-13T07:15:00+08:00,A-05-01,A-05-01-RES-2,resident,main_lobby,exit,granted
EVT-001279,2026-08-13T07:15:00+08:00,A-07-02,A-07-02-RES-2,resident,main_lobby,exit,granted
EVT-001329,2026-08-13T07:15:00+08:00,B-02-01,B-02-01-RES-1,resident,main_lobby,exit,granted
EVT-001891,2026-08-13T07:18:00+08:00,B-04-01,B-04-01-RES-3,resident,main_lobby,exit,granted
EVT-001229,2026-08-13T07:25:00+08:00,A-07-02,A-07-02-RES-1,resident,main_lobby,exit,granted
EVT-000923,2026-08-13T07:33:00+08:00,A-06-01,A-06-01-RES-2,resident,main_lobby,exit,granted
EVT-001683,2026-08-13T07:35:00+08:00,B-03-01,B-03-01-RES-3,resident,main_lobby,exit,granted
EVT-001999,2026-08-13T07:36:00+08:00,B-04-02,B-04-02-RES-2,resident,main_lobby,exit,granted
EVT-002797,2026-08-13T07:39:00+08:00,B-06-02,B-06-02-ACT-03,access_card,main_lobby,entry,granted
EVT-000873,2026-08-13T08:03:00+08:00,A-06-01,A-06-01-RES-1,resident,main_lobby,exit,granted
EVT-002145,2026-08-13T08:05:00+08:00,B-05-02,B-05-02-RES-1,resident,main_lobby,exit,granted
EVT-002459,2026-08-13T08:12:00+08:00,B-07-01,B-07-01-RES-1,resident,main_lobby,exit,granted
EVT-001119,2026-08-13T08:16:00+08:00,A-07-01,A-07-01-RES-1,resident,main_lobby,exit,granted
EVT-001383,2026-08-13T08:22:00+08:00,B-02-01,B-02-01-RES-2,resident,main_lobby,exit,granted
EVT-000125,2026-08-13T08:27:00+08:00,A-02-02,A-02-02-RES-2,resident,main_lobby,exit,granted
EVT-000375,2026-08-13T08:28:00+08:00,A-03-02,A-03-02-RES-3,resident,main_lobby,exit,granted
EVT-001427,2026-08-13T08:36:00+08:00,B-02-01,B-02-01-RES-3,resident,main_lobby,exit,granted
EVT-000621,2026-08-13T08:38:00+08:00,A-05-01,A-05-01-RES-1,resident,main_lobby,exit,granted
EVT-001523,2026-08-13T08:51:00+08:00,B-02-02,B-02-02-RES-2,resident,main_lobby,exit,granted
EVT-002673,2026-08-13T09:00:00+08:00,A-03-01,A-03-01-GUEST-05,visitor_card,main_lobby,exit,granted
EVT-002361,2026-08-13T09:03:00+08:00,B-06-02,B-06-02-RES-1,resident,main_lobby,exit,granted
EVT-002405,2026-08-13T09:05:00+08:00,B-06-02,B-06-02-RES-2,resident,main_lobby,exit,granted
EVT-000969,2026-08-13T09:15:00+08:00,A-06-01,A-06-01-RES-3,resident,main_lobby,exit,granted
EVT-000325,2026-08-13T09:28:00+08:00,A-03-02,A-03-02-RES-2,resident,main_lobby,exit,granted
EVT-000173,2026-08-13T09:32:00+08:00,A-03-01,A-03-01-RES-1,resident,main_lobby,exit,granted
EVT-002519,2026-08-13T09:36:00+08:00,B-07-01,B-07-01-RES-2,resident,main_lobby,exit,granted
EVT-000773,2026-08-13T09:39:00+08:00,A-05-02,A-05-02-RES-1,resident,main_lobby,exit,granted
EVT-000519,2026-08-13T09:51:00+08:00,A-04-01,A-04-01-RES-3,resident,main_lobby,exit,granted
EVT-002201,2026-08-13T09:52:00+08:00,B-05-02,B-05-02-RES-2,resident,main_lobby,exit,granted
EVT-002625,2026-08-13T09:55:00+08:00,B-07-02,B-07-02-RES-2,resident,main_lobby,exit,granted
EVT-002051,2026-08-13T09:56:00+08:00,B-05-01,B-05-01-RES-1,resident,main_lobby,exit,granted
EVT-001171,2026-08-13T09:58:00+08:00,A-07-01,A-07-01-RES-2,resident,main_lobby,exit,granted
EVT-001577,2026-08-13T10:03:00+08:00,B-03-01,B-03-01-RES-1,resident,main_lobby,exit,granted
EVT-001735,2026-08-13T10:05:00+08:00,B-03-02,B-03-02-RES-1,resident,main_lobby,exit,granted
EVT-001631,2026-08-13T10:09:00+08:00,B-03-01,B-03-01-RES-2,resident,main_lobby,exit,granted
EVT-000223,2026-08-13T10:11:00+08:00,A-03-01,A-03-01-RES-2,resident,main_lobby,exit,granted
EVT-002305,2026-08-13T10:11:00+08:00,B-06-01,B-06-01-RES-2,resident,main_lobby,exit,granted
EVT-000469,2026-08-13T10:17:00+08:00,A-04-01,A-04-01-RES-2,resident,main_lobby,exit,granted
EVT-000823,2026-08-13T10:32:00+08:00,A-05-02,A-05-02-RES-2,resident,main_lobby,exit,granted
EVT-001835,2026-08-13T10:35:00+08:00,B-04-01,B-04-01-RES-2,resident,main_lobby,exit,granted
EVT-000019,2026-08-13T10:38:00+08:00,A-02-01,A-02-01-RES-1,resident,main_lobby,exit,granted
EVT-000271,2026-08-13T10:41:00+08:00,A-03-02,A-03-02-RES-1,resident,main_lobby,exit,granted
EVT-001067,2026-08-13T10:49:00+08:00,A-06-02,A-06-02-RES-2,resident,main_lobby,exit,granted
EVT-000824,2026-08-13T17:02:00+08:00,A-05-02,A-05-02-RES-2,resident,main_lobby,entry,granted
EVT-002892,2026-08-13T17:04:00+08:00,A-07-02,A-07-02-G-03,visitor_card,main_lobby,exit,granted
EVT-002626,2026-08-13T17:15:00+08:00,B-07-02,B-07-02-RES-2,resident,main_lobby,entry,granted
EVT-000224,2026-08-13T17:16:00+08:00,A-03-01,A-03-01-RES-2,resident,main_lobby,entry,granted
EVT-000020,2026-08-13T17:24:00+08:00,A-02-01,A-02-01-RES-1,resident,main_lobby,entry,granted
EVT-000874,2026-08-13T17:26:00+08:00,A-06-01,A-06-01-RES-1,resident,main_lobby,entry,granted
EVT-000326,2026-08-13T17:29:00+08:00,A-03-02,A-03-02-RES-2,resident,main_lobby,entry,granted
EVT-001330,2026-08-13T17:30:00+08:00,B-02-01,B-02-01-RES-1,resident,main_lobby,entry,granted
EVT-002460,2026-08-13T17:39:00+08:00,B-07-01,B-07-01-RES-1,resident,main_lobby,entry,granted
EVT-000470,2026-08-13T17:44:00+08:00,A-04-01,A-04-01-RES-2,resident,main_lobby,entry,granted
EVT-000126,2026-08-13T18:02:00+08:00,A-02-02,A-02-02-RES-2,resident,main_lobby,entry,granted
EVT-002845,2026-08-13T18:07:00+08:00,B-06-02,B-06-02-ACT-06,access_card,main_lobby,entry,granted
EVT-001524,2026-08-13T18:08:00+08:00,B-02-02,B-02-02-RES-2,resident,main_lobby,entry,granted
EVT-000072,2026-08-13T18:10:00+08:00,A-02-02,A-02-02-RES-1,resident,main_lobby,entry,granted
EVT-002254,2026-08-13T18:11:00+08:00,B-06-01,B-06-01-RES-1,resident,main_lobby,entry,granted
EVT-002877,2026-08-13T18:21:00+08:00,B-06-02,B-06-02-ACT-08,access_card,main_lobby,exit,granted
EVT-000520,2026-08-13T18:35:00+08:00,A-04-01,A-04-01-RES-3,resident,main_lobby,entry,granted
EVT-001578,2026-08-13T18:54:00+08:00,B-03-01,B-03-01-RES-1,resident,main_lobby,entry,granted
EVT-001068,2026-08-13T19:01:00+08:00,A-06-02,A-06-02-RES-2,resident,main_lobby,entry,granted
EVT-002813,2026-08-13T19:03:00+08:00,B-06-02,B-06-02-ACT-04,access_card,main_lobby,entry,granted
EVT-002765,2026-08-13T19:39:00+08:00,B-06-02,B-06-02-ACT-01,access_card,main_lobby,exit,granted
EVT-001632,2026-08-13T19:55:00+08:00,B-03-01,B-03-01-RES-2,resident,main_lobby,entry,granted
EVT-000970,2026-08-13T19:56:00+08:00,A-06-01,A-06-01-RES-3,resident,main_lobby,entry,granted
EVT-002781,2026-08-13T20:08:00+08:00,B-06-02,B-06-02-ACT-02,access_card,main_lobby,exit,granted
EVT-001428,2026-08-13T20:22:00+08:00,B-02-01,B-02-01-RES-3,resident,main_lobby,entry,granted
EVT-002570,2026-08-13T20:25:00+08:00,B-07-02,B-07-02-RES-1,resident,main_lobby,entry,granted
EVT-001736,2026-08-13T20:28:00+08:00,B-03-02,B-03-02-RES-1,resident,main_lobby,entry,granted
EVT-002861,2026-08-13T20:28:00+08:00,B-06-02,B-06-02-ACT-07,access_card,main_lobby,exit,granted
EVT-001384,2026-08-13T20:32:00+08:00,B-02-01,B-02-01-RES-2,resident,main_lobby,entry,granted
EVT-000924,2026-08-13T20:33:00+08:00,A-06-01,A-06-01-RES-2,resident,main_lobby,entry,granted
EVT-000676,2026-08-13T20:40:00+08:00,A-05-01,A-05-01-RES-2,resident,main_lobby,entry,granted
EVT-002362,2026-08-13T20:41:00+08:00,B-06-02,B-06-02-RES-1,resident,main_lobby,entry,granted
EVT-002306,2026-08-13T20:52:00+08:00,B-06-01,B-06-01-RES-2,resident,main_lobby,entry,granted
EVT-002202,2026-08-13T20:53:00+08:00,B-05-02,B-05-02-RES-2,resident,main_lobby,entry,granted
EVT-001684,2026-08-13T20:58:00+08:00,B-03-01,B-03-01-RES-3,resident,main_lobby,entry,granted
EVT-000774,2026-08-13T21:05:00+08:00,A-05-02,A-05-02-RES-1,resident,main_lobby,entry,granted
EVT-002000,2026-08-13T21:07:00+08:00,B-04-02,B-04-02-RES-2,resident,main_lobby,entry,granted
EVT-000376,2026-08-13T21:30:00+08:00,A-03-02,A-03-02-RES-3,resident,main_lobby,entry,granted
EVT-001172,2026-08-13T21:37:00+08:00,A-07-01,A-07-01-RES-2,resident,main_lobby,entry,granted
EVT-001280,2026-08-13T21:38:00+08:00,A-07-02,A-07-02-RES-2,resident,main_lobby,entry,granted
EVT-001230,2026-08-13T21:47:00+08:00,A-07-02,A-07-02-RES-1,resident,main_lobby,entry,granted
EVT-002052,2026-08-13T21:52:00+08:00,B-05-01,B-05-01-RES-1,resident,main_lobby,entry,granted
EVT-001836,2026-08-13T22:00:00+08:00,B-04-01,B-04-01-RES-2,resident,main_lobby,entry,granted
EVT-001892,2026-08-13T22:04:00+08:00,B-04-01,B-04-01-RES-3,resident,main_lobby,entry,granted
EVT-000622,2026-08-13T22:05:00+08:00,A-05-01,A-05-01-RES-1,resident,main_lobby,entry,granted
EVT-001120,2026-08-13T22:09:00+08:00,A-07-01,A-07-01-RES-1,resident,main_lobby,entry,granted
EVT-000272,2026-08-13T22:31:00+08:00,A-03-02,A-03-02-RES-1,resident,main_lobby,entry,granted
EVT-000174,2026-08-13T22:40:00+08:00,A-03-01,A-03-01-RES-1,resident,main_lobby,entry,granted
EVT-000726,2026-08-13T22:40:00+08:00,A-05-01,A-05-01-RES-3,resident,main_lobby,entry,granted
EVT-002520,2026-08-13T22:43:00+08:00,B-07-01,B-07-01-RES-2,resident,main_lobby,entry,granted
EVT-002406,2026-08-13T22:49:00+08:00,B-06-02,B-06-02-RES-2,resident,main_lobby,entry,granted
EVT-002146,2026-08-13T22:59:00+08:00,B-05-02,B-05-02-RES-1,resident,main_lobby,entry,granted
EVT-000273,2026-08-14T07:05:00+08:00,A-03-02,A-03-02-RES-1,resident,main_lobby,exit,granted
EVT-002521,2026-08-14T07:13:00+08:00,B-07-01,B-07-01-RES-2,resident,main_lobby,exit,granted
EVT-000573,2026-08-14T07:15:00+08:00,A-04-02,A-04-02-RES-1,resident,main_lobby,exit,granted
EVT-001023,2026-08-14T07:26:00+08:00,A-06-02,A-06-02-RES-1,resident,main_lobby,exit,granted
EVT-002461,2026-08-14T07:29:00+08:00,B-07-01,B-07-01-RES-1,resident,main_lobby,exit,granted
EVT-001633,2026-08-14T07:31:00+08:00,B-03-01,B-03-01-RES-2,resident,main_lobby,exit,granted
EVT-001525,2026-08-14T07:43:00+08:00,B-02-02,B-02-02-RES-2,resident,main_lobby,exit,granted
EVT-000175,2026-08-14T07:52:00+08:00,A-03-01,A-03-01-RES-1,resident,main_lobby,exit,granted
EVT-000127,2026-08-14T07:57:00+08:00,A-02-02,A-02-02-RES-2,resident,main_lobby,exit,granted
EVT-000925,2026-08-14T07:58:00+08:00,A-06-01,A-06-01-RES-2,resident,main_lobby,exit,granted
EVT-000727,2026-08-14T08:01:00+08:00,A-05-01,A-05-01-RES-3,resident,main_lobby,exit,granted
EVT-001331,2026-08-14T08:11:00+08:00,B-02-01,B-02-01-RES-1,resident,main_lobby,exit,granted
EVT-001173,2026-08-14T08:20:00+08:00,A-07-01,A-07-01-RES-2,resident,main_lobby,exit,granted
EVT-002203,2026-08-14T08:24:00+08:00,B-05-02,B-05-02-RES-2,resident,main_lobby,exit,granted
EVT-000971,2026-08-14T08:26:00+08:00,A-06-01,A-06-01-RES-3,resident,main_lobby,exit,granted
EVT-000225,2026-08-14T08:29:00+08:00,A-03-01,A-03-01-RES-2,resident,main_lobby,exit,granted
EVT-002097,2026-08-14T08:31:00+08:00,B-05-01,B-05-01-RES-2,resident,main_lobby,exit,granted
EVT-001785,2026-08-14T08:32:00+08:00,B-04-01,B-04-01-RES-1,resident,main_lobby,exit,granted
EVT-000775,2026-08-14T08:37:00+08:00,A-05-02,A-05-02-RES-1,resident,main_lobby,exit,granted
EVT-001893,2026-08-14T08:46:00+08:00,B-04-01,B-04-01-RES-3,resident,main_lobby,exit,granted
EVT-001579,2026-08-14T08:54:00+08:00,B-03-01,B-03-01-RES-1,resident,main_lobby,exit,granted
EVT-001385,2026-08-14T09:16:00+08:00,B-02-01,B-02-01-RES-2,resident,main_lobby,exit,granted
EVT-001837,2026-08-14T09:28:00+08:00,B-04-01,B-04-01-RES-2,resident,main_lobby,exit,granted
EVT-001231,2026-08-14T09:29:00+08:00,A-07-02,A-07-02-RES-1,resident,main_lobby,exit,granted
EVT-000521,2026-08-14T09:42:00+08:00,A-04-01,A-04-01-RES-3,resident,main_lobby,exit,granted
EVT-002053,2026-08-14T09:44:00+08:00,B-05-01,B-05-01-RES-1,resident,main_lobby,exit,granted
EVT-001281,2026-08-14T09:49:00+08:00,A-07-02,A-07-02-RES-2,resident,main_lobby,exit,granted
EVT-000825,2026-08-14T09:51:00+08:00,A-05-02,A-05-02-RES-2,resident,main_lobby,exit,granted
EVT-000677,2026-08-14T10:04:00+08:00,A-05-01,A-05-01-RES-2,resident,main_lobby,exit,granted
EVT-001121,2026-08-14T10:04:00+08:00,A-07-01,A-07-01-RES-1,resident,main_lobby,exit,granted
EVT-000875,2026-08-14T10:06:00+08:00,A-06-01,A-06-01-RES-1,resident,main_lobby,exit,granted
EVT-001477,2026-08-14T10:06:00+08:00,B-02-02,B-02-02-RES-1,resident,main_lobby,exit,granted
EVT-000073,2026-08-14T10:13:00+08:00,A-02-02,A-02-02-RES-1,resident,main_lobby,exit,granted
EVT-000327,2026-08-14T10:17:00+08:00,A-03-02,A-03-02-RES-2,resident,main_lobby,exit,granted
EVT-001685,2026-08-14T10:21:00+08:00,B-03-01,B-03-01-RES-3,resident,main_lobby,exit,granted
EVT-001943,2026-08-14T10:22:00+08:00,B-04-02,B-04-02-RES-1,resident,main_lobby,exit,granted
EVT-000471,2026-08-14T10:28:00+08:00,A-04-01,A-04-01-RES-2,resident,main_lobby,exit,granted
EVT-000377,2026-08-14T10:29:00+08:00,A-03-02,A-03-02-RES-3,resident,main_lobby,exit,granted
EVT-001069,2026-08-14T10:31:00+08:00,A-06-02,A-06-02-RES-2,resident,main_lobby,exit,granted
EVT-000021,2026-08-14T10:33:00+08:00,A-02-01,A-02-01-RES-1,resident,main_lobby,exit,granted
EVT-000421,2026-08-14T10:36:00+08:00,A-04-01,A-04-01-RES-1,resident,main_lobby,exit,granted
EVT-002571,2026-08-14T10:39:00+08:00,B-07-02,B-07-02-RES-1,resident,main_lobby,exit,granted
EVT-002627,2026-08-14T10:40:00+08:00,B-07-02,B-07-02-RES-2,resident,main_lobby,exit,granted
EVT-000623,2026-08-14T10:41:00+08:00,A-05-01,A-05-01-RES-1,resident,main_lobby,exit,granted
EVT-002001,2026-08-14T10:41:00+08:00,B-04-02,B-04-02-RES-2,resident,main_lobby,exit,granted
EVT-002407,2026-08-14T10:45:00+08:00,B-06-02,B-06-02-RES-2,resident,main_lobby,exit,granted
EVT-001737,2026-08-14T10:47:00+08:00,B-03-02,B-03-02-RES-1,resident,main_lobby,exit,granted
EVT-002674,2026-08-14T15:00:00+08:00,A-03-01,A-03-01-GUEST-06,visitor_card,main_lobby,entry,granted
EVT-002675,2026-08-14T15:04:00+08:00,A-03-01,A-03-01-GUEST-06,visitor_card,lift_lobby,entry,granted
EVT-001174,2026-08-14T17:15:00+08:00,A-07-01,A-07-01-RES-2,resident,main_lobby,entry,granted
EVT-000522,2026-08-14T17:26:00+08:00,A-04-01,A-04-01-RES-3,resident,main_lobby,entry,granted
EVT-001332,2026-08-14T17:35:00+08:00,B-02-01,B-02-01-RES-1,resident,main_lobby,entry,granted
EVT-000678,2026-08-14T17:53:00+08:00,A-05-01,A-05-01-RES-2,resident,main_lobby,entry,granted
EVT-001686,2026-08-14T18:00:00+08:00,B-03-01,B-03-01-RES-3,resident,main_lobby,entry,granted
EVT-001386,2026-08-14T18:01:00+08:00,B-02-01,B-02-01-RES-2,resident,main_lobby,entry,granted
EVT-001070,2026-08-14T18:22:00+08:00,A-06-02,A-06-02-RES-2,resident,main_lobby,entry,granted
EVT-001580,2026-08-14T18:41:00+08:00,B-03-01,B-03-01-RES-1,resident,main_lobby,entry,granted
EVT-000176,2026-08-14T18:43:00+08:00,A-03-01,A-03-01-RES-1,resident,main_lobby,entry,granted
EVT-002002,2026-08-14T18:44:00+08:00,B-04-02,B-04-02-RES-2,resident,main_lobby,entry,granted
EVT-001024,2026-08-14T18:53:00+08:00,A-06-02,A-06-02-RES-1,resident,main_lobby,entry,granted
EVT-000472,2026-08-14T18:54:00+08:00,A-04-01,A-04-01-RES-2,resident,main_lobby,entry,granted
EVT-000728,2026-08-14T18:54:00+08:00,A-05-01,A-05-01-RES-3,resident,main_lobby,entry,granted
EVT-001838,2026-08-14T18:57:00+08:00,B-04-01,B-04-01-RES-2,resident,main_lobby,entry,granted
EVT-000128,2026-08-14T19:13:00+08:00,A-02-02,A-02-02-RES-2,resident,main_lobby,entry,granted
EVT-000274,2026-08-14T19:14:00+08:00,A-03-02,A-03-02-RES-1,resident,main_lobby,entry,granted
EVT-000972,2026-08-14T19:17:00+08:00,A-06-01,A-06-01-RES-3,resident,main_lobby,entry,granted
EVT-002572,2026-08-14T19:19:00+08:00,B-07-02,B-07-02-RES-1,resident,main_lobby,entry,granted
EVT-000226,2026-08-14T19:21:00+08:00,A-03-01,A-03-01-RES-2,resident,main_lobby,entry,granted
EVT-001944,2026-08-14T19:31:00+08:00,B-04-02,B-04-02-RES-1,resident,main_lobby,entry,granted
EVT-000022,2026-08-14T19:35:00+08:00,A-02-01,A-02-01-RES-1,resident,main_lobby,entry,granted
EVT-000422,2026-08-14T19:36:00+08:00,A-04-01,A-04-01-RES-1,resident,main_lobby,entry,granted
EVT-001634,2026-08-14T19:40:00+08:00,B-03-01,B-03-01-RES-2,resident,main_lobby,entry,granted
EVT-002628,2026-08-14T19:45:00+08:00,B-07-02,B-07-02-RES-2,resident,main_lobby,entry,granted
EVT-000624,2026-08-14T19:52:00+08:00,A-05-01,A-05-01-RES-1,resident,main_lobby,entry,granted
EVT-000378,2026-08-14T19:55:00+08:00,A-03-02,A-03-02-RES-3,resident,main_lobby,entry,granted
EVT-001526,2026-08-14T20:12:00+08:00,B-02-02,B-02-02-RES-2,resident,main_lobby,entry,granted
EVT-002098,2026-08-14T20:13:00+08:00,B-05-01,B-05-01-RES-2,resident,main_lobby,entry,granted
EVT-002204,2026-08-14T20:15:00+08:00,B-05-02,B-05-02-RES-2,resident,main_lobby,entry,granted
EVT-001232,2026-08-14T20:20:00+08:00,A-07-02,A-07-02-RES-1,resident,main_lobby,entry,granted
EVT-002054,2026-08-14T20:24:00+08:00,B-05-01,B-05-01-RES-1,resident,main_lobby,entry,granted
EVT-000826,2026-08-14T20:33:00+08:00,A-05-02,A-05-02-RES-2,resident,main_lobby,entry,granted
EVT-000574,2026-08-14T20:37:00+08:00,A-04-02,A-04-02-RES-1,resident,main_lobby,entry,granted
EVT-001122,2026-08-14T20:38:00+08:00,A-07-01,A-07-01-RES-1,resident,main_lobby,entry,granted
EVT-001478,2026-08-14T20:50:00+08:00,B-02-02,B-02-02-RES-1,resident,main_lobby,entry,granted
EVT-002462,2026-08-14T20:54:00+08:00,B-07-01,B-07-01-RES-1,resident,main_lobby,entry,granted
EVT-000074,2026-08-14T20:57:00+08:00,A-02-02,A-02-02-RES-1,resident,main_lobby,entry,granted
EVT-000926,2026-08-14T21:07:00+08:00,A-06-01,A-06-01-RES-2,resident,main_lobby,entry,granted
EVT-000776,2026-08-14T21:09:00+08:00,A-05-02,A-05-02-RES-1,resident,main_lobby,entry,granted
EVT-001894,2026-08-14T21:31:00+08:00,B-04-01,B-04-01-RES-3,resident,main_lobby,entry,granted
EVT-000328,2026-08-14T21:34:00+08:00,A-03-02,A-03-02-RES-2,resident,main_lobby,entry,granted
EVT-002522,2026-08-14T21:43:00+08:00,B-07-01,B-07-01-RES-2,resident,main_lobby,entry,granted
EVT-001786,2026-08-14T21:44:00+08:00,B-04-01,B-04-01-RES-1,resident,main_lobby,entry,granted
EVT-001282,2026-08-14T22:01:00+08:00,A-07-02,A-07-02-RES-2,resident,main_lobby,entry,granted
EVT-001738,2026-08-14T22:01:00+08:00,B-03-02,B-03-02-RES-1,resident,main_lobby,entry,granted
EVT-002408,2026-08-14T22:23:00+08:00,B-06-02,B-06-02-RES-2,resident,main_lobby,entry,granted
EVT-000876,2026-08-14T22:49:00+08:00,A-06-01,A-06-01-RES-1,resident,main_lobby,entry,granted
EVT-002695,2026-08-14T22:52:00+08:00,A-05-02,A-05-02-TEMP-04,visitor_card,main_lobby,entry,granted
EVT-002696,2026-08-15T03:52:00+08:00,A-05-02,A-05-02-TEMP-04,visitor_card,main_lobby,exit,granted
EVT-002878,2026-08-15T06:06:00+08:00,B-06-02,B-06-02-ACT-08,access_card,main_lobby,entry,granted
EVT-002862,2026-08-15T07:11:00+08:00,B-06-02,B-06-02-ACT-07,access_card,main_lobby,entry,granted
EVT-002205,2026-08-15T07:12:00+08:00,B-05-02,B-05-02-RES-2,resident,main_lobby,exit,granted
EVT-000129,2026-08-15T07:22:00+08:00,A-02-02,A-02-02-RES-2,resident,main_lobby,exit,granted
EVT-000575,2026-08-15T07:25:00+08:00,A-04-02,A-04-02-RES-1,resident,main_lobby,exit,granted
EVT-001945,2026-08-15T07:32:00+08:00,B-04-02,B-04-02-RES-1,resident,main_lobby,exit,granted
EVT-000329,2026-08-15T07:38:00+08:00,A-03-02,A-03-02-RES-2,resident,main_lobby,exit,granted
EVT-002307,2026-08-15T07:38:00+08:00,B-06-01,B-06-01-RES-2,resident,main_lobby,exit,granted
EVT-002463,2026-08-15T07:38:00+08:00,B-07-01,B-07-01-RES-1,resident,main_lobby,exit,granted
EVT-000625,2026-08-15T07:41:00+08:00,A-05-01,A-05-01-RES-1,resident,main_lobby,exit,granted
EVT-001025,2026-08-15T07:45:00+08:00,A-06-02,A-06-02-RES-1,resident,main_lobby,exit,granted
EVT-001233,2026-08-15T07:46:00+08:00,A-07-02,A-07-02-RES-1,resident,main_lobby,exit,granted
EVT-001787,2026-08-15T07:48:00+08:00,B-04-01,B-04-01-RES-1,resident,main_lobby,exit,granted
EVT-001687,2026-08-15T07:58:00+08:00,B-03-01,B-03-01-RES-3,resident,main_lobby,exit,granted
EVT-001839,2026-08-15T08:02:00+08:00,B-04-01,B-04-01-RES-2,resident,main_lobby,exit,granted
EVT-000177,2026-08-15T08:09:00+08:00,A-03-01,A-03-01-RES-1,resident,main_lobby,exit,granted
EVT-001581,2026-08-15T08:17:00+08:00,B-03-01,B-03-01-RES-1,resident,main_lobby,exit,granted
EVT-000275,2026-08-15T08:19:00+08:00,A-03-02,A-03-02-RES-1,resident,main_lobby,exit,granted
EVT-000827,2026-08-15T08:20:00+08:00,A-05-02,A-05-02-RES-2,resident,main_lobby,exit,granted
EVT-001175,2026-08-15T08:23:00+08:00,A-07-01,A-07-01-RES-2,resident,main_lobby,exit,granted
EVT-000877,2026-08-15T08:26:00+08:00,A-06-01,A-06-01-RES-1,resident,main_lobby,exit,granted
EVT-000379,2026-08-15T08:36:00+08:00,A-03-02,A-03-02-RES-3,resident,main_lobby,exit,granted
EVT-000927,2026-08-15T08:36:00+08:00,A-06-01,A-06-01-RES-2,resident,main_lobby,exit,granted
EVT-000973,2026-08-15T08:40:00+08:00,A-06-01,A-06-01-RES-3,resident,main_lobby,exit,granted
EVT-002573,2026-08-15T08:45:00+08:00,B-07-02,B-07-02-RES-1,resident,main_lobby,exit,granted
EVT-002147,2026-08-15T08:47:00+08:00,B-05-02,B-05-02-RES-1,resident,main_lobby,exit,granted
EVT-002055,2026-08-15T08:48:00+08:00,B-05-01,B-05-01-RES-1,resident,main_lobby,exit,granted
EVT-000423,2026-08-15T09:01:00+08:00,A-04-01,A-04-01-RES-1,resident,main_lobby,exit,granted
EVT-002523,2026-08-15T09:04:00+08:00,B-07-01,B-07-01-RES-2,resident,main_lobby,exit,granted
EVT-002099,2026-08-15T09:23:00+08:00,B-05-01,B-05-01-RES-2,resident,main_lobby,exit,granted
EVT-000473,2026-08-15T09:34:00+08:00,A-04-01,A-04-01-RES-2,resident,main_lobby,exit,granted
EVT-002363,2026-08-15T09:42:00+08:00,B-06-02,B-06-02-RES-1,resident,main_lobby,exit,granted
EVT-000777,2026-08-15T09:53:00+08:00,A-05-02,A-05-02-RES-1,resident,main_lobby,exit,granted
EVT-000075,2026-08-15T10:00:00+08:00,A-02-02,A-02-02-RES-1,resident,main_lobby,exit,granted
EVT-002676,2026-08-15T10:00:00+08:00,A-03-01,A-03-01-GUEST-06,visitor_card,main_lobby,exit,granted
EVT-000729,2026-08-15T10:02:00+08:00,A-05-01,A-05-01-RES-3,resident,main_lobby,exit,granted
EVT-001739,2026-08-15T10:02:00+08:00,B-03-02,B-03-02-RES-1,resident,main_lobby,exit,granted
EVT-002255,2026-08-15T10:12:00+08:00,B-06-01,B-06-01-RES-1,resident,main_lobby,exit,granted
EVT-001333,2026-08-15T10:14:00+08:00,B-02-01,B-02-01-RES-1,resident,main_lobby,exit,granted
EVT-000227,2026-08-15T10:17:00+08:00,A-03-01,A-03-01-RES-2,resident,main_lobby,exit,granted
EVT-002003,2026-08-15T10:23:00+08:00,B-04-02,B-04-02-RES-2,resident,main_lobby,exit,granted
EVT-001071,2026-08-15T10:27:00+08:00,A-06-02,A-06-02-RES-2,resident,main_lobby,exit,granted
EVT-002629,2026-08-15T10:27:00+08:00,B-07-02,B-07-02-RES-2,resident,main_lobby,exit,granted
EVT-002409,2026-08-15T10:31:00+08:00,B-06-02,B-06-02-RES-2,resident,main_lobby,exit,granted
EVT-001123,2026-08-15T10:34:00+08:00,A-07-01,A-07-01-RES-1,resident,main_lobby,exit,granted
EVT-000523,2026-08-15T10:55:00+08:00,A-04-01,A-04-01-RES-3,resident,main_lobby,exit,granted
EVT-002729,2026-08-15T15:00:00+08:00,B-04-01,B-04-01-WK-15-1,visitor_qr,main_lobby,entry,granted
EVT-002731,2026-08-15T15:20:00+08:00,B-04-01,B-04-01-WK-15-2,visitor_qr,main_lobby,entry,granted
EVT-000178,2026-08-15T17:02:00+08:00,A-03-01,A-03-01-RES-1,resident,main_lobby,entry,granted
EVT-002256,2026-08-15T17:02:00+08:00,B-06-01,B-06-01-RES-1,resident,main_lobby,entry,granted
EVT-002004,2026-08-15T17:09:00+08:00,B-04-02,B-04-02-RES-2,resident,main_lobby,entry,granted
EVT-001688,2026-08-15T17:53:00+08:00,B-03-01,B-03-01-RES-3,resident,main_lobby,entry,granted
EVT-000330,2026-08-15T17:56:00+08:00,A-03-02,A-03-02-RES-2,resident,main_lobby,entry,granted
EVT-001026,2026-08-15T18:00:00+08:00,A-06-02,A-06-02-RES-1,resident,main_lobby,entry,granted
EVT-000730,2026-08-15T18:04:00+08:00,A-05-01,A-05-01-RES-3,resident,main_lobby,entry,granted
EVT-002524,2026-08-15T18:17:00+08:00,B-07-01,B-07-01-RES-2,resident,main_lobby,entry,granted
EVT-002766,2026-08-15T18:17:00+08:00,B-06-02,B-06-02-ACT-01,access_card,main_lobby,exit,granted
EVT-001946,2026-08-15T18:28:00+08:00,B-04-02,B-04-02-RES-1,resident,main_lobby,entry,granted
EVT-002814,2026-08-15T18:34:00+08:00,B-06-02,B-06-02-ACT-04,access_card,main_lobby,exit,granted
EVT-001072,2026-08-15T18:43:00+08:00,A-06-02,A-06-02-RES-2,resident,main_lobby,entry,granted
EVT-002846,2026-08-15T18:53:00+08:00,B-06-02,B-06-02-ACT-06,access_card,main_lobby,entry,granted
EVT-002830,2026-08-15T19:07:00+08:00,B-06-02,B-06-02-ACT-05,access_card,main_lobby,entry,granted
EVT-001334,2026-08-15T19:15:00+08:00,B-02-01,B-02-01-RES-1,resident,main_lobby,entry,granted
EVT-002148,2026-08-15T19:28:00+08:00,B-05-02,B-05-02-RES-1,resident,main_lobby,entry,granted
EVT-001788,2026-08-15T19:35:00+08:00,B-04-01,B-04-01-RES-1,resident,main_lobby,entry,granted
EVT-002798,2026-08-15T19:45:00+08:00,B-06-02,B-06-02-ACT-03,access_card,main_lobby,exit,granted
EVT-000576,2026-08-15T19:47:00+08:00,A-04-02,A-04-02-RES-1,resident,main_lobby,entry,granted
EVT-002056,2026-08-15T19:49:00+08:00,B-05-01,B-05-01-RES-1,resident,main_lobby,entry,granted
EVT-002410,2026-08-15T20:08:00+08:00,B-06-02,B-06-02-RES-2,resident,main_lobby,entry,granted
EVT-000380,2026-08-15T20:14:00+08:00,A-03-02,A-03-02-RES-3,resident,main_lobby,entry,granted
EVT-002464,2026-08-15T20:15:00+08:00,B-07-01,B-07-01-RES-1,resident,main_lobby,entry,granted
EVT-000076,2026-08-15T20:16:00+08:00,A-02-02,A-02-02-RES-1,resident,main_lobby,entry,granted
EVT-000228,2026-08-15T20:16:00+08:00,A-03-01,A-03-01-RES-2,resident,main_lobby,entry,granted
EVT-002100,2026-08-15T20:17:00+08:00,B-05-01,B-05-01-RES-2,resident,main_lobby,entry,granted
EVT-001234,2026-08-15T20:40:00+08:00,A-07-02,A-07-02-RES-1,resident,main_lobby,entry,granted
EVT-002206,2026-08-15T20:47:00+08:00,B-05-02,B-05-02-RES-2,resident,main_lobby,entry,granted
EVT-000778,2026-08-15T21:02:00+08:00,A-05-02,A-05-02-RES-1,resident,main_lobby,entry,granted
EVT-000928,2026-08-15T21:09:00+08:00,A-06-01,A-06-01-RES-2,resident,main_lobby,entry,granted
EVT-002630,2026-08-15T21:13:00+08:00,B-07-02,B-07-02-RES-2,resident,main_lobby,entry,granted
EVT-000828,2026-08-15T21:20:00+08:00,A-05-02,A-05-02-RES-2,resident,main_lobby,entry,granted
EVT-001740,2026-08-15T21:35:00+08:00,B-03-02,B-03-02-RES-1,resident,main_lobby,entry,granted
EVT-000130,2026-08-15T21:56:00+08:00,A-02-02,A-02-02-RES-2,resident,main_lobby,entry,granted
EVT-001124,2026-08-15T21:59:00+08:00,A-07-01,A-07-01-RES-1,resident,main_lobby,entry,granted
EVT-000524,2026-08-15T22:03:00+08:00,A-04-01,A-04-01-RES-3,resident,main_lobby,entry,granted
EVT-001176,2026-08-15T22:09:00+08:00,A-07-01,A-07-01-RES-2,resident,main_lobby,entry,granted
EVT-002308,2026-08-15T22:19:00+08:00,B-06-01,B-06-01-RES-2,resident,main_lobby,entry,granted
EVT-000474,2026-08-15T22:22:00+08:00,A-04-01,A-04-01-RES-2,resident,main_lobby,entry,granted
EVT-002364,2026-08-15T22:23:00+08:00,B-06-02,B-06-02-RES-1,resident,main_lobby,entry,granted
EVT-000424,2026-08-15T22:25:00+08:00,A-04-01,A-04-01-RES-1,resident,main_lobby,entry,granted
EVT-001582,2026-08-15T22:26:00+08:00,B-03-01,B-03-01-RES-1,resident,main_lobby,entry,granted
EVT-000626,2026-08-15T22:27:00+08:00,A-05-01,A-05-01-RES-1,resident,main_lobby,entry,granted
EVT-000974,2026-08-15T22:27:00+08:00,A-06-01,A-06-01-RES-3,resident,main_lobby,entry,granted
EVT-000276,2026-08-15T22:37:00+08:00,A-03-02,A-03-02-RES-1,resident,main_lobby,entry,granted
EVT-002782,2026-08-15T22:48:00+08:00,B-06-02,B-06-02-ACT-02,access_card,main_lobby,entry,granted
EVT-002574,2026-08-15T22:51:00+08:00,B-07-02,B-07-02-RES-1,resident,main_lobby,entry,granted
EVT-001840,2026-08-15T22:56:00+08:00,B-04-01,B-04-01-RES-2,resident,main_lobby,entry,granted
EVT-000878,2026-08-15T22:59:00+08:00,A-06-01,A-06-01-RES-1,resident,main_lobby,entry,granted
EVT-001635,2026-08-16T07:00:00+08:00,B-03-01,B-03-01-RES-2,resident,main_lobby,exit,granted
EVT-000975,2026-08-16T07:22:00+08:00,A-06-01,A-06-01-RES-3,resident,main_lobby,exit,granted
EVT-000627,2026-08-16T07:23:00+08:00,A-05-01,A-05-01-RES-1,resident,main_lobby,exit,granted
EVT-001841,2026-08-16T07:24:00+08:00,B-04-01,B-04-01-RES-2,resident,main_lobby,exit,granted
EVT-001583,2026-08-16T07:30:00+08:00,B-03-01,B-03-01-RES-1,resident,main_lobby,exit,granted
EVT-001947,2026-08-16T07:32:00+08:00,B-04-02,B-04-02-RES-1,resident,main_lobby,exit,granted
EVT-000679,2026-08-16T07:40:00+08:00,A-05-01,A-05-01-RES-2,resident,main_lobby,exit,granted
EVT-000023,2026-08-16T07:43:00+08:00,A-02-01,A-02-01-RES-1,resident,main_lobby,exit,granted
EVT-001741,2026-08-16T07:50:00+08:00,B-03-02,B-03-02-RES-1,resident,main_lobby,exit,granted
EVT-000425,2026-08-16T07:58:00+08:00,A-04-01,A-04-01-RES-1,resident,main_lobby,exit,granted
EVT-002411,2026-08-16T08:02:00+08:00,B-06-02,B-06-02-RES-2,resident,main_lobby,exit,granted
EVT-001895,2026-08-16T08:06:00+08:00,B-04-01,B-04-01-RES-3,resident,main_lobby,exit,granted
EVT-001479,2026-08-16T08:10:00+08:00,B-02-02,B-02-02-RES-1,resident,main_lobby,exit,granted
EVT-002207,2026-08-16T08:30:00+08:00,B-05-02,B-05-02-RES-2,resident,main_lobby,exit,granted
EVT-002149,2026-08-16T08:33:00+08:00,B-05-02,B-05-02-RES-1,resident,main_lobby,exit,granted
EVT-002101,2026-08-16T08:36:00+08:00,B-05-01,B-05-01-RES-2,resident,main_lobby,exit,granted
EVT-001429,2026-08-16T08:37:00+08:00,B-02-01,B-02-01-RES-3,resident,main_lobby,exit,granted
EVT-000475,2026-08-16T09:12:00+08:00,A-04-01,A-04-01-RES-2,resident,main_lobby,exit,granted
EVT-001283,2026-08-16T09:13:00+08:00,A-07-02,A-07-02-RES-2,resident,main_lobby,exit,granted
EVT-002005,2026-08-16T09:16:00+08:00,B-04-02,B-04-02-RES-2,resident,main_lobby,exit,granted
EVT-001335,2026-08-16T09:17:00+08:00,B-02-01,B-02-01-RES-1,resident,main_lobby,exit,granted
EVT-001527,2026-08-16T09:20:00+08:00,B-02-02,B-02-02-RES-2,resident,main_lobby,exit,granted
EVT-000731,2026-08-16T09:23:00+08:00,A-05-01,A-05-01-RES-3,resident,main_lobby,exit,granted
EVT-000277,2026-08-16T09:27:00+08:00,A-03-02,A-03-02-RES-1,resident,main_lobby,exit,granted
EVT-000829,2026-08-16T09:37:00+08:00,A-05-02,A-05-02-RES-2,resident,main_lobby,exit,granted
EVT-000331,2026-08-16T09:38:00+08:00,A-03-02,A-03-02-RES-2,resident,main_lobby,exit,granted
EVT-000577,2026-08-16T09:49:00+08:00,A-04-02,A-04-02-RES-1,resident,main_lobby,exit,granted
EVT-001235,2026-08-16T09:54:00+08:00,A-07-02,A-07-02-RES-1,resident,main_lobby,exit,granted
EVT-002730,2026-08-16T10:00:00+08:00,B-04-01,B-04-01-WK-15-1,visitor_qr,main_lobby,exit,granted
EVT-001073,2026-08-16T10:05:00+08:00,A-06-02,A-06-02-RES-2,resident,main_lobby,exit,granted
EVT-002309,2026-08-16T10:05:00+08:00,B-06-01,B-06-01-RES-2,resident,main_lobby,exit,granted
EVT-000929,2026-08-16T10:07:00+08:00,A-06-01,A-06-01-RES-2,resident,main_lobby,exit,granted
EVT-002631,2026-08-16T10:08:00+08:00,B-07-02,B-07-02-RES-2,resident,main_lobby,exit,granted
EVT-001689,2026-08-16T10:09:00+08:00,B-03-01,B-03-01-RES-3,resident,main_lobby,exit,granted
EVT-001027,2026-08-16T10:23:00+08:00,A-06-02,A-06-02-RES-1,resident,main_lobby,exit,granted
EVT-002465,2026-08-16T10:29:00+08:00,B-07-01,B-07-01-RES-1,resident,main_lobby,exit,granted
EVT-002575,2026-08-16T10:36:00+08:00,B-07-02,B-07-02-RES-1,resident,main_lobby,exit,granted
EVT-001177,2026-08-16T10:38:00+08:00,A-07-01,A-07-01-RES-2,resident,main_lobby,exit,granted
EVT-000179,2026-08-16T10:39:00+08:00,A-03-01,A-03-01-RES-1,resident,main_lobby,exit,granted
EVT-002257,2026-08-16T10:42:00+08:00,B-06-01,B-06-01-RES-1,resident,main_lobby,exit,granted
EVT-001789,2026-08-16T10:43:00+08:00,B-04-01,B-04-01-RES-1,resident,main_lobby,exit,granted
EVT-002057,2026-08-16T10:57:00+08:00,B-05-01,B-05-01-RES-1,resident,main_lobby,exit,granted
EVT-002732,2026-08-16T12:20:00+08:00,B-04-01,B-04-01-WK-15-2,visitor_qr,main_lobby,exit,granted
EVT-002677,2026-08-16T14:00:00+08:00,A-03-01,A-03-01-GUEST-07,visitor_card,main_lobby,entry,granted
EVT-002678,2026-08-16T14:04:00+08:00,A-03-01,A-03-01-GUEST-07,visitor_card,lift_lobby,entry,granted
EVT-002893,2026-08-16T14:37:00+08:00,A-07-02,A-07-02-G-04,visitor_card,main_lobby,entry,granted
EVT-002733,2026-08-16T15:00:00+08:00,B-04-01,B-04-01-WK-16-1,visitor_qr,main_lobby,entry,granted
EVT-002735,2026-08-16T15:20:00+08:00,B-04-01,B-04-01-WK-16-2,visitor_qr,main_lobby,entry,granted
EVT-002737,2026-08-16T15:40:00+08:00,B-04-01,B-04-01-WK-16-3,visitor_qr,main_lobby,entry,granted
EVT-000180,2026-08-16T17:29:00+08:00,A-03-01,A-03-01-RES-1,resident,main_lobby,entry,granted
EVT-001336,2026-08-16T17:36:00+08:00,B-02-01,B-02-01-RES-1,resident,main_lobby,entry,granted
EVT-001028,2026-08-16T17:39:00+08:00,A-06-02,A-06-02-RES-1,resident,main_lobby,entry,granted
EVT-001690,2026-08-16T17:49:00+08:00,B-03-01,B-03-01-RES-3,resident,main_lobby,entry,granted
EVT-001236,2026-08-16T17:50:00+08:00,A-07-02,A-07-02-RES-1,resident,main_lobby,entry,granted
EVT-000476,2026-08-16T17:54:00+08:00,A-04-01,A-04-01-RES-2,resident,main_lobby,entry,granted
EVT-002310,2026-08-16T17:58:00+08:00,B-06-01,B-06-01-RES-2,resident,main_lobby,entry,granted
EVT-002150,2026-08-16T18:01:00+08:00,B-05-02,B-05-02-RES-1,resident,main_lobby,entry,granted
EVT-000578,2026-08-16T18:04:00+08:00,A-04-02,A-04-02-RES-1,resident,main_lobby,entry,granted
EVT-002576,2026-08-16T18:05:00+08:00,B-07-02,B-07-02-RES-1,resident,main_lobby,entry,granted
EVT-002632,2026-08-16T18:35:00+08:00,B-07-02,B-07-02-RES-2,resident,main_lobby,entry,granted
EVT-001178,2026-08-16T18:36:00+08:00,A-07-01,A-07-01-RES-2,resident,main_lobby,entry,granted
EVT-001584,2026-08-16T18:41:00+08:00,B-03-01,B-03-01-RES-1,resident,main_lobby,entry,granted
EVT-000332,2026-08-16T19:01:00+08:00,A-03-02,A-03-02-RES-2,resident,main_lobby,entry,granted
EVT-000628,2026-08-16T19:11:00+08:00,A-05-01,A-05-01-RES-1,resident,main_lobby,entry,granted
EVT-000830,2026-08-16T19:32:00+08:00,A-05-02,A-05-02-RES-2,resident,main_lobby,entry,granted
EVT-001842,2026-08-16T19:34:00+08:00,B-04-01,B-04-01-RES-2,resident,main_lobby,entry,granted
EVT-001896,2026-08-16T19:39:00+08:00,B-04-01,B-04-01-RES-3,resident,main_lobby,entry,granted
EVT-001430,2026-08-16T19:51:00+08:00,B-02-01,B-02-01-RES-3,resident,main_lobby,entry,granted
EVT-001480,2026-08-16T20:04:00+08:00,B-02-02,B-02-02-RES-1,resident,main_lobby,entry,granted
EVT-001636,2026-08-16T20:17:00+08:00,B-03-01,B-03-01-RES-2,resident,main_lobby,entry,granted
EVT-002466,2026-08-16T20:28:00+08:00,B-07-01,B-07-01-RES-1,resident,main_lobby,entry,granted
EVT-002258,2026-08-16T20:33:00+08:00,B-06-01,B-06-01-RES-1,resident,main_lobby,entry,granted
EVT-000732,2026-08-16T20:36:00+08:00,A-05-01,A-05-01-RES-3,resident,main_lobby,entry,granted
EVT-002208,2026-08-16T20:43:00+08:00,B-05-02,B-05-02-RES-2,resident,main_lobby,entry,granted
EVT-002412,2026-08-16T20:48:00+08:00,B-06-02,B-06-02-RES-2,resident,main_lobby,entry,granted
EVT-001074,2026-08-16T21:18:00+08:00,A-06-02,A-06-02-RES-2,resident,main_lobby,entry,granted
EVT-002006,2026-08-16T21:27:00+08:00,B-04-02,B-04-02-RES-2,resident,main_lobby,entry,granted
EVT-000680,2026-08-16T21:36:00+08:00,A-05-01,A-05-01-RES-2,resident,main_lobby,entry,granted
EVT-001284,2026-08-16T21:38:00+08:00,A-07-02,A-07-02-RES-2,resident,main_lobby,entry,granted
EVT-001742,2026-08-16T21:39:00+08:00,B-03-02,B-03-02-RES-1,resident,main_lobby,entry,granted
EVT-000426,2026-08-16T21:47:00+08:00,A-04-01,A-04-01-RES-1,resident,main_lobby,entry,granted
EVT-000024,2026-08-16T21:48:00+08:00,A-02-01,A-02-01-RES-1,resident,main_lobby,entry,granted
EVT-002058,2026-08-16T21:55:00+08:00,B-05-01,B-05-01-RES-1,resident,main_lobby,entry,granted
EVT-000930,2026-08-16T22:13:00+08:00,A-06-01,A-06-01-RES-2,resident,main_lobby,entry,granted
EVT-002102,2026-08-16T22:14:00+08:00,B-05-01,B-05-01-RES-2,resident,main_lobby,entry,granted
EVT-001948,2026-08-16T22:17:00+08:00,B-04-02,B-04-02-RES-1,resident,main_lobby,entry,granted
EVT-000278,2026-08-16T22:35:00+08:00,A-03-02,A-03-02-RES-1,resident,main_lobby,entry,granted
EVT-000976,2026-08-16T22:42:00+08:00,A-06-01,A-06-01-RES-3,resident,main_lobby,entry,granted
EVT-001790,2026-08-16T22:57:00+08:00,B-04-01,B-04-01-RES-1,resident,main_lobby,entry,granted
EVT-001528,2026-08-16T22:58:00+08:00,B-02-02,B-02-02-RES-2,resident,main_lobby,entry,granted
EVT-002734,2026-08-17T01:00:00+08:00,B-04-01,B-04-01-WK-16-1,visitor_qr,main_lobby,exit,granted
EVT-002738,2026-08-17T05:40:00+08:00,B-04-01,B-04-01-WK-16-3,visitor_qr,main_lobby,exit,granted
EVT-002799,2026-08-17T06:02:00+08:00,B-06-02,B-06-02-ACT-03,access_card,main_lobby,entry,granted
EVT-002767,2026-08-17T06:16:00+08:00,B-06-02,B-06-02-ACT-01,access_card,main_lobby,exit,granted
EVT-002847,2026-08-17T06:37:00+08:00,B-06-02,B-06-02-ACT-06,access_card,main_lobby,entry,granted
EVT-002783,2026-08-17T06:44:00+08:00,B-06-02,B-06-02-ACT-02,access_card,main_lobby,entry,granted
EVT-002815,2026-08-17T06:53:00+08:00,B-06-02,B-06-02-ACT-04,access_card,main_lobby,exit,granted
EVT-001075,2026-08-17T07:05:00+08:00,A-06-02,A-06-02-RES-2,resident,main_lobby,exit,granted
EVT-001337,2026-08-17T07:11:00+08:00,B-02-01,B-02-01-RES-1,resident,main_lobby,exit,granted
EVT-001585,2026-08-17T07:14:00+08:00,B-03-01,B-03-01-RES-1,resident,main_lobby,exit,granted
EVT-002467,2026-08-17T07:15:00+08:00,B-07-01,B-07-01-RES-1,resident,main_lobby,exit,granted
EVT-002059,2026-08-17T07:16:00+08:00,B-05-01,B-05-01-RES-1,resident,main_lobby,exit,granted
EVT-001481,2026-08-17T07:18:00+08:00,B-02-02,B-02-02-RES-1,resident,main_lobby,exit,granted
EVT-000229,2026-08-17T07:22:00+08:00,A-03-01,A-03-01-RES-2,resident,main_lobby,exit,granted
EVT-001529,2026-08-17T07:24:00+08:00,B-02-02,B-02-02-RES-2,resident,main_lobby,exit,granted
EVT-000579,2026-08-17T07:33:00+08:00,A-04-02,A-04-02-RES-1,resident,main_lobby,exit,granted
EVT-000779,2026-08-17T07:41:00+08:00,A-05-02,A-05-02-RES-1,resident,main_lobby,exit,granted
EVT-000333,2026-08-17T07:48:00+08:00,A-03-02,A-03-02-RES-2,resident,main_lobby,exit,granted
EVT-001125,2026-08-17T07:50:00+08:00,A-07-01,A-07-01-RES-1,resident,main_lobby,exit,granted
EVT-001691,2026-08-17T07:57:00+08:00,B-03-01,B-03-01-RES-3,resident,main_lobby,exit,granted
EVT-001843,2026-08-17T07:58:00+08:00,B-04-01,B-04-01-RES-2,resident,main_lobby,exit,granted
EVT-001387,2026-08-17T08:06:00+08:00,B-02-01,B-02-01-RES-2,resident,main_lobby,exit,granted
EVT-001949,2026-08-17T08:10:00+08:00,B-04-02,B-04-02-RES-1,resident,main_lobby,exit,granted
EVT-000681,2026-08-17T08:18:00+08:00,A-05-01,A-05-01-RES-2,resident,main_lobby,exit,granted
EVT-001897,2026-08-17T08:20:00+08:00,B-04-01,B-04-01-RES-3,resident,main_lobby,exit,granted
EVT-001237,2026-08-17T08:27:00+08:00,A-07-02,A-07-02-RES-1,resident,main_lobby,exit,granted
EVT-001179,2026-08-17T08:31:00+08:00,A-07-01,A-07-01-RES-2,resident,main_lobby,exit,granted
EVT-001637,2026-08-17T08:36:00+08:00,B-03-01,B-03-01-RES-2,resident,main_lobby,exit,granted
EVT-001743,2026-08-17T08:41:00+08:00,B-03-02,B-03-02-RES-1,resident,main_lobby,exit,granted
EVT-000733,2026-08-17T08:43:00+08:00,A-05-01,A-05-01-RES-3,resident,main_lobby,exit,granted
EVT-000181,2026-08-17T08:45:00+08:00,A-03-01,A-03-01-RES-1,resident,main_lobby,exit,granted
EVT-000879,2026-08-17T08:48:00+08:00,A-06-01,A-06-01-RES-1,resident,main_lobby,exit,granted
EVT-002679,2026-08-17T09:00:00+08:00,A-03-01,A-03-01-GUEST-07,visitor_card,main_lobby,exit,granted
EVT-002259,2026-08-17T09:03:00+08:00,B-06-01,B-06-01-RES-1,resident,main_lobby,exit,granted
EVT-000525,2026-08-17T09:06:00+08:00,A-04-01,A-04-01-RES-3,resident,main_lobby,exit,granted
EVT-000025,2026-08-17T09:07:00+08:00,A-02-01,A-02-01-RES-1,resident,main_lobby,exit,granted
EVT-000077,2026-08-17T09:27:00+08:00,A-02-02,A-02-02-RES-1,resident,main_lobby,exit,granted
EVT-002007,2026-08-17T09:43:00+08:00,B-04-02,B-04-02-RES-2,resident,main_lobby,exit,granted
EVT-000977,2026-08-17T09:44:00+08:00,A-06-01,A-06-01-RES-3,resident,main_lobby,exit,granted
EVT-000381,2026-08-17T09:47:00+08:00,A-03-02,A-03-02-RES-3,resident,main_lobby,exit,granted
EVT-000427,2026-08-17T09:49:00+08:00,A-04-01,A-04-01-RES-1,resident,main_lobby,exit,granted
EVT-002103,2026-08-17T09:51:00+08:00,B-05-01,B-05-01-RES-2,resident,main_lobby,exit,granted
EVT-002633,2026-08-17T09:53:00+08:00,B-07-02,B-07-02-RES-2,resident,main_lobby,exit,granted
EVT-002151,2026-08-17T09:55:00+08:00,B-05-02,B-05-02-RES-1,resident,main_lobby,exit,granted
EVT-002311,2026-08-17T09:56:00+08:00,B-06-01,B-06-01-RES-2,resident,main_lobby,exit,granted
EVT-001431,2026-08-17T09:58:00+08:00,B-02-01,B-02-01-RES-3,resident,main_lobby,exit,granted
EVT-000931,2026-08-17T10:05:00+08:00,A-06-01,A-06-01-RES-2,resident,main_lobby,exit,granted
EVT-002577,2026-08-17T10:06:00+08:00,B-07-02,B-07-02-RES-1,resident,main_lobby,exit,granted
EVT-002365,2026-08-17T10:14:00+08:00,B-06-02,B-06-02-RES-1,resident,main_lobby,exit,granted
EVT-000279,2026-08-17T10:17:00+08:00,A-03-02,A-03-02-RES-1,resident,main_lobby,exit,granted
EVT-001285,2026-08-17T10:18:00+08:00,A-07-02,A-07-02-RES-2,resident,main_lobby,exit,granted
EVT-002525,2026-08-17T10:40:00+08:00,B-07-01,B-07-01-RES-2,resident,main_lobby,exit,granted
EVT-001029,2026-08-17T10:42:00+08:00,A-06-02,A-06-02-RES-1,resident,main_lobby,exit,granted
EVT-002736,2026-08-17T11:20:00+08:00,B-04-01,B-04-01-WK-16-2,visitor_qr,main_lobby,exit,granted
EVT-001482,2026-08-17T17:20:00+08:00,B-02-02,B-02-02-RES-1,resident,main_lobby,entry,granted
EVT-002060,2026-08-17T17:24:00+08:00,B-05-01,B-05-01-RES-1,resident,main_lobby,entry,granted
EVT-002894,2026-08-17T17:37:00+08:00,A-07-02,A-07-02-G-04,visitor_card,main_lobby,exit,granted
EVT-001238,2026-08-17T18:31:00+08:00,A-07-02,A-07-02-RES-1,resident,main_lobby,entry,granted
EVT-001638,2026-08-17T18:31:00+08:00,B-03-01,B-03-01-RES-2,resident,main_lobby,entry,granted
EVT-002104,2026-08-17T18:35:00+08:00,B-05-01,B-05-01-RES-2,resident,main_lobby,entry,granted
EVT-000428,2026-08-17T18:38:00+08:00,A-04-01,A-04-01-RES-1,resident,main_lobby,entry,granted
EVT-000230,2026-08-17T18:41:00+08:00,A-03-01,A-03-01-RES-2,resident,main_lobby,entry,granted
EVT-001338,2026-08-17T18:51:00+08:00,B-02-01,B-02-01-RES-1,resident,main_lobby,entry,granted
EVT-001076,2026-08-17T19:09:00+08:00,A-06-02,A-06-02-RES-2,resident,main_lobby,entry,granted
EVT-002260,2026-08-17T19:14:00+08:00,B-06-01,B-06-01-RES-1,resident,main_lobby,entry,granted
EVT-000280,2026-08-17T19:16:00+08:00,A-03-02,A-03-02-RES-1,resident,main_lobby,entry,granted
EVT-000880,2026-08-17T19:20:00+08:00,A-06-01,A-06-01-RES-1,resident,main_lobby,entry,granted
EVT-000026,2026-08-17T19:27:00+08:00,A-02-01,A-02-01-RES-1,resident,main_lobby,entry,granted
EVT-001586,2026-08-17T19:38:00+08:00,B-03-01,B-03-01-RES-1,resident,main_lobby,entry,granted
EVT-001950,2026-08-17T19:38:00+08:00,B-04-02,B-04-02-RES-1,resident,main_lobby,entry,granted
EVT-001692,2026-08-17T19:41:00+08:00,B-03-01,B-03-01-RES-3,resident,main_lobby,entry,granted
EVT-001126,2026-08-17T19:44:00+08:00,A-07-01,A-07-01-RES-1,resident,main_lobby,entry,granted
EVT-002152,2026-08-17T19:55:00+08:00,B-05-02,B-05-02-RES-1,resident,main_lobby,entry,granted
EVT-000682,2026-08-17T20:00:00+08:00,A-05-01,A-05-01-RES-2,resident,main_lobby,entry,granted
EVT-001030,2026-08-17T20:01:00+08:00,A-06-02,A-06-02-RES-1,resident,main_lobby,entry,granted
EVT-001388,2026-08-17T20:06:00+08:00,B-02-01,B-02-01-RES-2,resident,main_lobby,entry,granted
EVT-002634,2026-08-17T20:09:00+08:00,B-07-02,B-07-02-RES-2,resident,main_lobby,entry,granted
EVT-002863,2026-08-17T20:11:00+08:00,B-06-02,B-06-02-ACT-07,access_card,main_lobby,exit,granted
EVT-002879,2026-08-17T20:11:00+08:00,B-06-02,B-06-02-ACT-08,access_card,main_lobby,entry,granted
EVT-002578,2026-08-17T20:19:00+08:00,B-07-02,B-07-02-RES-1,resident,main_lobby,entry,granted
EVT-000734,2026-08-17T20:23:00+08:00,A-05-01,A-05-01-RES-3,resident,main_lobby,entry,granted
EVT-000978,2026-08-17T20:26:00+08:00,A-06-01,A-06-01-RES-3,resident,main_lobby,entry,granted
EVT-002312,2026-08-17T20:26:00+08:00,B-06-01,B-06-01-RES-2,resident,main_lobby,entry,granted
EVT-001898,2026-08-17T20:28:00+08:00,B-04-01,B-04-01-RES-3,resident,main_lobby,entry,granted
EVT-002366,2026-08-17T20:32:00+08:00,B-06-02,B-06-02-RES-1,resident,main_lobby,entry,granted
EVT-000382,2026-08-17T20:45:00+08:00,A-03-02,A-03-02-RES-3,resident,main_lobby,entry,granted
EVT-002008,2026-08-17T20:48:00+08:00,B-04-02,B-04-02-RES-2,resident,main_lobby,entry,granted
EVT-001432,2026-08-17T21:01:00+08:00,B-02-01,B-02-01-RES-3,resident,main_lobby,entry,granted
EVT-000580,2026-08-17T21:12:00+08:00,A-04-02,A-04-02-RES-1,resident,main_lobby,entry,granted
EVT-000780,2026-08-17T21:16:00+08:00,A-05-02,A-05-02-RES-1,resident,main_lobby,entry,granted
EVT-002468,2026-08-17T21:17:00+08:00,B-07-01,B-07-01-RES-1,resident,main_lobby,entry,granted
EVT-001530,2026-08-17T21:25:00+08:00,B-02-02,B-02-02-RES-2,resident,main_lobby,entry,granted
EVT-000932,2026-08-17T21:28:00+08:00,A-06-01,A-06-01-RES-2,resident,main_lobby,entry,granted
EVT-000526,2026-08-17T21:32:00+08:00,A-04-01,A-04-01-RES-3,resident,main_lobby,entry,granted
EVT-001844,2026-08-17T21:52:00+08:00,B-04-01,B-04-01-RES-2,resident,main_lobby,entry,granted
EVT-002526,2026-08-17T21:53:00+08:00,B-07-01,B-07-01-RES-2,resident,main_lobby,entry,granted
EVT-001286,2026-08-17T22:03:00+08:00,A-07-02,A-07-02-RES-2,resident,main_lobby,entry,granted
EVT-000182,2026-08-17T22:24:00+08:00,A-03-01,A-03-01-RES-1,resident,main_lobby,entry,granted
EVT-001744,2026-08-17T22:29:00+08:00,B-03-02,B-03-02-RES-1,resident,main_lobby,entry,granted
EVT-001180,2026-08-17T22:34:00+08:00,A-07-01,A-07-01-RES-2,resident,main_lobby,entry,granted
EVT-002831,2026-08-17T22:42:00+08:00,B-06-02,B-06-02-ACT-05,access_card,main_lobby,exit,granted
EVT-000078,2026-08-17T22:46:00+08:00,A-02-02,A-02-02-RES-1,resident,main_lobby,entry,granted
EVT-000334,2026-08-17T22:52:00+08:00,A-03-02,A-03-02-RES-2,resident,main_lobby,entry,granted
EVT-002697,2026-08-17T23:27:00+08:00,A-05-02,A-05-02-TEMP-05,visitor_card,main_lobby,entry,granted
EVT-002698,2026-08-18T05:27:00+08:00,A-05-02,A-05-02-TEMP-05,visitor_card,main_lobby,exit,granted
EVT-002261,2026-08-18T07:00:00+08:00,B-06-01,B-06-01-RES-1,resident,main_lobby,exit,granted
EVT-001483,2026-08-18T07:04:00+08:00,B-02-02,B-02-02-RES-1,resident,main_lobby,exit,granted
EVT-001639,2026-08-18T07:08:00+08:00,B-03-01,B-03-01-RES-2,resident,main_lobby,exit,granted
EVT-001339,2026-08-18T07:25:00+08:00,B-02-01,B-02-01-RES-1,resident,main_lobby,exit,granted
EVT-000735,2026-08-18T07:36:00+08:00,A-05-01,A-05-01-RES-3,resident,main_lobby,exit,granted
EVT-001951,2026-08-18T07:42:00+08:00,B-04-02,B-04-02-RES-1,resident,main_lobby,exit,granted
EVT-000027,2026-08-18T07:46:00+08:00,A-02-01,A-02-01-RES-1,resident,main_lobby,exit,granted
EVT-000231,2026-08-18T07:48:00+08:00,A-03-01,A-03-01-RES-2,resident,main_lobby,exit,granted
EVT-000335,2026-08-18T07:48:00+08:00,A-03-02,A-03-02-RES-2,resident,main_lobby,exit,granted
EVT-000881,2026-08-18T07:58:00+08:00,A-06-01,A-06-01-RES-1,resident,main_lobby,exit,granted
EVT-002469,2026-08-18T08:03:00+08:00,B-07-01,B-07-01-RES-1,resident,main_lobby,exit,granted
EVT-001389,2026-08-18T08:07:00+08:00,B-02-01,B-02-01-RES-2,resident,main_lobby,exit,granted
EVT-002635,2026-08-18T08:08:00+08:00,B-07-02,B-07-02-RES-2,resident,main_lobby,exit,granted
EVT-000183,2026-08-18T08:09:00+08:00,A-03-01,A-03-01-RES-1,resident,main_lobby,exit,granted
EVT-000281,2026-08-18T08:20:00+08:00,A-03-02,A-03-02-RES-1,resident,main_lobby,exit,granted
EVT-001287,2026-08-18T08:31:00+08:00,A-07-02,A-07-02-RES-2,resident,main_lobby,exit,granted
EVT-001181,2026-08-18T08:35:00+08:00,A-07-01,A-07-01-RES-2,resident,main_lobby,exit,granted
EVT-000683,2026-08-18T08:36:00+08:00,A-05-01,A-05-01-RES-2,resident,main_lobby,exit,granted
EVT-000429,2026-08-18T08:40:00+08:00,A-04-01,A-04-01-RES-1,resident,main_lobby,exit,granted
EVT-000477,2026-08-18T08:41:00+08:00,A-04-01,A-04-01-RES-2,resident,main_lobby,exit,granted
EVT-002061,2026-08-18T08:43:00+08:00,B-05-01,B-05-01-RES-1,resident,main_lobby,exit,granted
EVT-001077,2026-08-18T08:47:00+08:00,A-06-02,A-06-02-RES-2,resident,main_lobby,exit,granted
EVT-000131,2026-08-18T08:55:00+08:00,A-02-02,A-02-02-RES-2,resident,main_lobby,exit,granted
EVT-001693,2026-08-18T09:16:00+08:00,B-03-01,B-03-01-RES-3,resident,main_lobby,exit,granted
EVT-001239,2026-08-18T09:21:00+08:00,A-07-02,A-07-02-RES-1,resident,main_lobby,exit,granted
EVT-000831,2026-08-18T09:30:00+08:00,A-05-02,A-05-02-RES-2,resident,main_lobby,exit,granted
EVT-001531,2026-08-18T09:33:00+08:00,B-02-02,B-02-02-RES-2,resident,main_lobby,exit,granted
EVT-002153,2026-08-18T09:35:00+08:00,B-05-02,B-05-02-RES-1,resident,main_lobby,exit,granted
EVT-001433,2026-08-18T09:36:00+08:00,B-02-01,B-02-01-RES-3,resident,main_lobby,exit,granted
EVT-001899,2026-08-18T09:44:00+08:00,B-04-01,B-04-01-RES-3,resident,main_lobby,exit,granted
EVT-001587,2026-08-18T09:45:00+08:00,B-03-01,B-03-01-RES-1,resident,main_lobby,exit,granted
EVT-001031,2026-08-18T10:00:00+08:00,A-06-02,A-06-02-RES-1,resident,main_lobby,exit,granted
EVT-000933,2026-08-18T10:08:00+08:00,A-06-01,A-06-01-RES-2,resident,main_lobby,exit,granted
EVT-000979,2026-08-18T10:11:00+08:00,A-06-01,A-06-01-RES-3,resident,main_lobby,exit,granted
EVT-002009,2026-08-18T10:11:00+08:00,B-04-02,B-04-02-RES-2,resident,main_lobby,exit,granted
EVT-002527,2026-08-18T10:11:00+08:00,B-07-01,B-07-01-RES-2,resident,main_lobby,exit,granted
EVT-000629,2026-08-18T10:12:00+08:00,A-05-01,A-05-01-RES-1,resident,main_lobby,exit,granted
EVT-002105,2026-08-18T10:12:00+08:00,B-05-01,B-05-01-RES-2,resident,main_lobby,exit,granted
EVT-000527,2026-08-18T10:14:00+08:00,A-04-01,A-04-01-RES-3,resident,main_lobby,exit,granted
EVT-002579,2026-08-18T10:30:00+08:00,B-07-02,B-07-02-RES-1,resident,main_lobby,exit,granted
EVT-001845,2026-08-18T10:31:00+08:00,B-04-01,B-04-01-RES-2,resident,main_lobby,exit,granted
EVT-000781,2026-08-18T10:39:00+08:00,A-05-02,A-05-02-RES-1,resident,main_lobby,exit,granted
EVT-001791,2026-08-18T10:51:00+08:00,B-04-01,B-04-01-RES-1,resident,main_lobby,exit,granted
EVT-002680,2026-08-18T13:00:00+08:00,A-03-01,A-03-01-GUEST-08,visitor_card,main_lobby,entry,granted
EVT-002681,2026-08-18T13:04:00+08:00,A-03-01,A-03-01-GUEST-08,visitor_card,lift_lobby,entry,granted
EVT-001390,2026-08-18T17:03:00+08:00,B-02-01,B-02-01-RES-2,resident,main_lobby,entry,granted
EVT-002636,2026-08-18T17:04:00+08:00,B-07-02,B-07-02-RES-2,resident,main_lobby,entry,granted
EVT-000232,2026-08-18T17:15:00+08:00,A-03-01,A-03-01-RES-2,resident,main_lobby,entry,granted
EVT-001846,2026-08-18T17:18:00+08:00,B-04-01,B-04-01-RES-2,resident,main_lobby,entry,granted
EVT-000528,2026-08-18T17:22:00+08:00,A-04-01,A-04-01-RES-3,resident,main_lobby,entry,granted
EVT-000832,2026-08-18T17:23:00+08:00,A-05-02,A-05-02-RES-2,resident,main_lobby,entry,granted
EVT-001032,2026-08-18T17:33:00+08:00,A-06-02,A-06-02-RES-1,resident,main_lobby,entry,granted
EVT-001792,2026-08-18T17:33:00+08:00,B-04-01,B-04-01-RES-1,resident,main_lobby,entry,granted
EVT-000882,2026-08-18T17:41:00+08:00,A-06-01,A-06-01-RES-1,resident,main_lobby,entry,granted
EVT-000282,2026-08-18T17:47:00+08:00,A-03-02,A-03-02-RES-1,resident,main_lobby,entry,granted
EVT-001340,2026-08-18T17:56:00+08:00,B-02-01,B-02-01-RES-1,resident,main_lobby,entry,granted
EVT-000630,2026-08-18T18:08:00+08:00,A-05-01,A-05-01-RES-1,resident,main_lobby,entry,granted
EVT-002470,2026-08-18T18:09:00+08:00,B-07-01,B-07-01-RES-1,resident,main_lobby,entry,granted
EVT-002580,2026-08-18T18:14:00+08:00,B-07-02,B-07-02-RES-1,resident,main_lobby,entry,granted
EVT-001952,2026-08-18T18:26:00+08:00,B-04-02,B-04-02-RES-1,resident,main_lobby,entry,granted
EVT-000336,2026-08-18T18:30:00+08:00,A-03-02,A-03-02-RES-2,resident,main_lobby,entry,granted
EVT-001182,2026-08-18T18:31:00+08:00,A-07-01,A-07-01-RES-2,resident,main_lobby,entry,granted
EVT-000736,2026-08-18T18:33:00+08:00,A-05-01,A-05-01-RES-3,resident,main_lobby,entry,granted
EVT-000430,2026-08-18T18:39:00+08:00,A-04-01,A-04-01-RES-1,resident,main_lobby,entry,granted
EVT-002262,2026-08-18T18:41:00+08:00,B-06-01,B-06-01-RES-1,resident,main_lobby,entry,granted
EVT-000132,2026-08-18T18:51:00+08:00,A-02-02,A-02-02-RES-2,resident,main_lobby,entry,granted
EVT-002106,2026-08-18T18:51:00+08:00,B-05-01,B-05-01-RES-2,resident,main_lobby,entry,granted
EVT-001484,2026-08-18T19:10:00+08:00,B-02-02,B-02-02-RES-1,resident,main_lobby,entry,granted
EVT-002010,2026-08-18T19:35:00+08:00,B-04-02,B-04-02-RES-2,resident,main_lobby,entry,granted
EVT-001694,2026-08-18T20:03:00+08:00,B-03-01,B-03-01-RES-3,resident,main_lobby,entry,granted
EVT-001288,2026-08-18T20:07:00+08:00,A-07-02,A-07-02-RES-2,resident,main_lobby,entry,granted
EVT-002154,2026-08-18T20:08:00+08:00,B-05-02,B-05-02-RES-1,resident,main_lobby,entry,granted
EVT-000684,2026-08-18T20:11:00+08:00,A-05-01,A-05-01-RES-2,resident,main_lobby,entry,granted
EVT-001078,2026-08-18T20:20:00+08:00,A-06-02,A-06-02-RES-2,resident,main_lobby,entry,granted
EVT-001532,2026-08-18T20:58:00+08:00,B-02-02,B-02-02-RES-2,resident,main_lobby,entry,granted
EVT-002528,2026-08-18T21:07:00+08:00,B-07-01,B-07-01-RES-2,resident,main_lobby,entry,granted
EVT-001434,2026-08-18T21:09:00+08:00,B-02-01,B-02-01-RES-3,resident,main_lobby,entry,granted
EVT-001900,2026-08-18T21:09:00+08:00,B-04-01,B-04-01-RES-3,resident,main_lobby,entry,granted
EVT-000934,2026-08-18T21:26:00+08:00,A-06-01,A-06-01-RES-2,resident,main_lobby,entry,granted
EVT-001640,2026-08-18T21:27:00+08:00,B-03-01,B-03-01-RES-2,resident,main_lobby,entry,granted
EVT-000980,2026-08-18T21:30:00+08:00,A-06-01,A-06-01-RES-3,resident,main_lobby,entry,granted
EVT-001240,2026-08-18T21:36:00+08:00,A-07-02,A-07-02-RES-1,resident,main_lobby,entry,granted
EVT-000782,2026-08-18T22:01:00+08:00,A-05-02,A-05-02-RES-1,resident,main_lobby,entry,granted
EVT-002062,2026-08-18T22:14:00+08:00,B-05-01,B-05-01-RES-1,resident,main_lobby,entry,granted
EVT-000028,2026-08-18T22:16:00+08:00,A-02-01,A-02-01-RES-1,resident,main_lobby,entry,granted
EVT-000478,2026-08-18T22:38:00+08:00,A-04-01,A-04-01-RES-2,resident,main_lobby,entry,granted
EVT-001588,2026-08-18T22:41:00+08:00,B-03-01,B-03-01-RES-1,resident,main_lobby,entry,granted
EVT-000184,2026-08-18T22:44:00+08:00,A-03-01,A-03-01-RES-1,resident,main_lobby,entry,granted
EVT-002880,2026-08-19T06:31:00+08:00,B-06-02,B-06-02-ACT-08,access_card,main_lobby,entry,granted
EVT-002800,2026-08-19T06:36:00+08:00,B-06-02,B-06-02-ACT-03,access_card,main_lobby,exit,granted
EVT-001079,2026-08-19T07:00:00+08:00,A-06-02,A-06-02-RES-2,resident,main_lobby,exit,granted
EVT-001127,2026-08-19T07:06:00+08:00,A-07-01,A-07-01-RES-1,resident,main_lobby,exit,granted
EVT-000833,2026-08-19T07:26:00+08:00,A-05-02,A-05-02-RES-2,resident,main_lobby,exit,granted
EVT-002263,2026-08-19T07:29:00+08:00,B-06-01,B-06-01-RES-1,resident,main_lobby,exit,granted
EVT-001953,2026-08-19T07:30:00+08:00,B-04-02,B-04-02-RES-1,resident,main_lobby,exit,granted
EVT-000685,2026-08-19T07:33:00+08:00,A-05-01,A-05-01-RES-2,resident,main_lobby,exit,granted
EVT-001289,2026-08-19T07:33:00+08:00,A-07-02,A-07-02-RES-2,resident,main_lobby,exit,granted
EVT-000935,2026-08-19T07:35:00+08:00,A-06-01,A-06-01-RES-2,resident,main_lobby,exit,granted
EVT-000233,2026-08-19T07:39:00+08:00,A-03-01,A-03-01-RES-2,resident,main_lobby,exit,granted
EVT-002209,2026-08-19T07:47:00+08:00,B-05-02,B-05-02-RES-2,resident,main_lobby,exit,granted
EVT-000185,2026-08-19T07:49:00+08:00,A-03-01,A-03-01-RES-1,resident,main_lobby,exit,granted
EVT-001745,2026-08-19T07:52:00+08:00,B-03-02,B-03-02-RES-1,resident,main_lobby,exit,granted
EVT-000883,2026-08-19T07:58:00+08:00,A-06-01,A-06-01-RES-1,resident,main_lobby,exit,granted
EVT-000283,2026-08-19T08:12:00+08:00,A-03-02,A-03-02-RES-1,resident,main_lobby,exit,granted
EVT-000581,2026-08-19T08:15:00+08:00,A-04-02,A-04-02-RES-1,resident,main_lobby,exit,granted
EVT-000981,2026-08-19T08:19:00+08:00,A-06-01,A-06-01-RES-3,resident,main_lobby,exit,granted
EVT-001183,2026-08-19T08:20:00+08:00,A-07-01,A-07-01-RES-2,resident,main_lobby,exit,granted
EVT-000383,2026-08-19T08:31:00+08:00,A-03-02,A-03-02-RES-3,resident,main_lobby,exit,granted
EVT-000431,2026-08-19T08:40:00+08:00,A-04-01,A-04-01-RES-1,resident,main_lobby,exit,granted
EVT-002637,2026-08-19T08:46:00+08:00,B-07-02,B-07-02-RES-2,resident,main_lobby,exit,granted
EVT-002313,2026-08-19T08:47:00+08:00,B-06-01,B-06-01-RES-2,resident,main_lobby,exit,granted
EVT-001435,2026-08-19T08:53:00+08:00,B-02-01,B-02-01-RES-3,resident,main_lobby,exit,granted
EVT-001695,2026-08-19T08:55:00+08:00,B-03-01,B-03-01-RES-3,resident,main_lobby,exit,granted
EVT-001033,2026-08-19T09:01:00+08:00,A-06-02,A-06-02-RES-1,resident,main_lobby,exit,granted
EVT-002471,2026-08-19T09:02:00+08:00,B-07-01,B-07-01-RES-1,resident,main_lobby,exit,granted
EVT-002011,2026-08-19T09:19:00+08:00,B-04-02,B-04-02-RES-2,resident,main_lobby,exit,granted
EVT-002367,2026-08-19T09:31:00+08:00,B-06-02,B-06-02-RES-1,resident,main_lobby,exit,granted
EVT-000737,2026-08-19T09:41:00+08:00,A-05-01,A-05-01-RES-3,resident,main_lobby,exit,granted
EVT-000783,2026-08-19T09:41:00+08:00,A-05-02,A-05-02-RES-1,resident,main_lobby,exit,granted
EVT-001341,2026-08-19T09:49:00+08:00,B-02-01,B-02-01-RES-1,resident,main_lobby,exit,granted
EVT-001901,2026-08-19T09:51:00+08:00,B-04-01,B-04-01-RES-3,resident,main_lobby,exit,granted
EVT-000631,2026-08-19T09:54:00+08:00,A-05-01,A-05-01-RES-1,resident,main_lobby,exit,granted
EVT-002581,2026-08-19T09:58:00+08:00,B-07-02,B-07-02-RES-1,resident,main_lobby,exit,granted
EVT-000133,2026-08-19T10:01:00+08:00,A-02-02,A-02-02-RES-2,resident,main_lobby,exit,granted
EVT-000079,2026-08-19T10:09:00+08:00,A-02-02,A-02-02-RES-1,resident,main_lobby,exit,granted
EVT-001793,2026-08-19T10:09:00+08:00,B-04-01,B-04-01-RES-1,resident,main_lobby,exit,granted
EVT-002063,2026-08-19T10:22:00+08:00,B-05-01,B-05-01-RES-1,resident,main_lobby,exit,granted
EVT-001641,2026-08-19T10:27:00+08:00,B-03-01,B-03-01-RES-2,resident,main_lobby,exit,granted
EVT-001241,2026-08-19T10:50:00+08:00,A-07-02,A-07-02-RES-1,resident,main_lobby,exit,granted
EVT-001589,2026-08-19T10:54:00+08:00,B-03-01,B-03-01-RES-1,resident,main_lobby,exit,granted
EVT-000337,2026-08-19T10:58:00+08:00,A-03-02,A-03-02-RES-2,resident,main_lobby,exit,granted
EVT-002682,2026-08-19T16:00:00+08:00,A-03-01,A-03-01-GUEST-08,visitor_card,main_lobby,exit,granted
EVT-000384,2026-08-19T17:08:00+08:00,A-03-02,A-03-02-RES-3,resident,main_lobby,entry,granted
EVT-000582,2026-08-19T17:09:00+08:00,A-04-02,A-04-02-RES-1,resident,main_lobby,entry,granted
EVT-001290,2026-08-19T17:23:00+08:00,A-07-02,A-07-02-RES-2,resident,main_lobby,entry,granted
EVT-000632,2026-08-19T17:32:00+08:00,A-05-01,A-05-01-RES-1,resident,main_lobby,entry,granted
EVT-001794,2026-08-19T17:42:00+08:00,B-04-01,B-04-01-RES-1,resident,main_lobby,entry,granted
EVT-001696,2026-08-19T17:54:00+08:00,B-03-01,B-03-01-RES-3,resident,main_lobby,entry,granted
EVT-000432,2026-08-19T17:57:00+08:00,A-04-01,A-04-01-RES-1,resident,main_lobby,entry,granted
EVT-002848,2026-08-19T18:04:00+08:00,B-06-02,B-06-02-ACT-06,access_card,main_lobby,entry,granted
EVT-000234,2026-08-19T18:15:00+08:00,A-03-01,A-03-01-RES-2,resident,main_lobby,entry,granted
EVT-000080,2026-08-19T18:18:00+08:00,A-02-02,A-02-02-RES-1,resident,main_lobby,entry,granted
EVT-002784,2026-08-19T18:18:00+08:00,B-06-02,B-06-02-ACT-02,access_card,main_lobby,exit,granted
EVT-000884,2026-08-19T18:26:00+08:00,A-06-01,A-06-01-RES-1,resident,main_lobby,entry,granted
EVT-002816,2026-08-19T18:41:00+08:00,B-06-02,B-06-02-ACT-04,access_card,main_lobby,entry,granted
EVT-001128,2026-08-19T18:42:00+08:00,A-07-01,A-07-01-RES-1,resident,main_lobby,entry,granted
EVT-000134,2026-08-19T18:47:00+08:00,A-02-02,A-02-02-RES-2,resident,main_lobby,entry,granted
EVT-000284,2026-08-19T18:47:00+08:00,A-03-02,A-03-02-RES-1,resident,main_lobby,entry,granted
EVT-001746,2026-08-19T18:54:00+08:00,B-03-02,B-03-02-RES-1,resident,main_lobby,entry,granted
EVT-002472,2026-08-19T18:54:00+08:00,B-07-01,B-07-01-RES-1,resident,main_lobby,entry,granted
EVT-000686,2026-08-19T19:04:00+08:00,A-05-01,A-05-01-RES-2,resident,main_lobby,entry,granted
EVT-000338,2026-08-19T19:11:00+08:00,A-03-02,A-03-02-RES-2,resident,main_lobby,entry,granted
EVT-000738,2026-08-19T19:15:00+08:00,A-05-01,A-05-01-RES-3,resident,main_lobby,entry,granted
EVT-001342,2026-08-19T19:20:00+08:00,B-02-01,B-02-01-RES-1,resident,main_lobby,entry,granted
EVT-002582,2026-08-19T19:25:00+08:00,B-07-02,B-07-02-RES-1,resident,main_lobby,entry,granted
EVT-001902,2026-08-19T19:27:00+08:00,B-04-01,B-04-01-RES-3,resident,main_lobby,entry,granted
EVT-001080,2026-08-19T19:28:00+08:00,A-06-02,A-06-02-RES-2,resident,main_lobby,entry,granted
EVT-001590,2026-08-19T19:29:00+08:00,B-03-01,B-03-01-RES-1,resident,main_lobby,entry,granted
EVT-000784,2026-08-19T19:30:00+08:00,A-05-02,A-05-02-RES-1,resident,main_lobby,entry,granted
EVT-002768,2026-08-19T19:49:00+08:00,B-06-02,B-06-02-ACT-01,access_card,main_lobby,entry,granted
EVT-001242,2026-08-19T19:57:00+08:00,A-07-02,A-07-02-RES-1,resident,main_lobby,entry,granted
EVT-002864,2026-08-19T20:05:00+08:00,B-06-02,B-06-02-ACT-07,access_card,main_lobby,exit,granted
EVT-000186,2026-08-19T20:14:00+08:00,A-03-01,A-03-01-RES-1,resident,main_lobby,entry,granted
EVT-001642,2026-08-19T20:24:00+08:00,B-03-01,B-03-01-RES-2,resident,main_lobby,entry,granted
EVT-001436,2026-08-19T20:34:00+08:00,B-02-01,B-02-01-RES-3,resident,main_lobby,entry,granted
EVT-001184,2026-08-19T20:39:00+08:00,A-07-01,A-07-01-RES-2,resident,main_lobby,entry,granted
EVT-002638,2026-08-19T20:42:00+08:00,B-07-02,B-07-02-RES-2,resident,main_lobby,entry,granted
EVT-000936,2026-08-19T20:43:00+08:00,A-06-01,A-06-01-RES-2,resident,main_lobby,entry,granted
EVT-000834,2026-08-19T21:19:00+08:00,A-05-02,A-05-02-RES-2,resident,main_lobby,entry,granted
EVT-002012,2026-08-19T21:22:00+08:00,B-04-02,B-04-02-RES-2,resident,main_lobby,entry,granted
EVT-002210,2026-08-19T21:33:00+08:00,B-05-02,B-05-02-RES-2,resident,main_lobby,entry,granted
EVT-002064,2026-08-19T21:34:00+08:00,B-05-01,B-05-01-RES-1,resident,main_lobby,entry,granted
EVT-002368,2026-08-19T21:34:00+08:00,B-06-02,B-06-02-RES-1,resident,main_lobby,entry,granted
EVT-001034,2026-08-19T21:52:00+08:00,A-06-02,A-06-02-RES-1,resident,main_lobby,entry,granted
EVT-002264,2026-08-19T22:03:00+08:00,B-06-01,B-06-01-RES-1,resident,main_lobby,entry,granted
EVT-000982,2026-08-19T22:09:00+08:00,A-06-01,A-06-01-RES-3,resident,main_lobby,entry,granted
EVT-001954,2026-08-19T22:30:00+08:00,B-04-02,B-04-02-RES-1,resident,main_lobby,entry,granted
EVT-002314,2026-08-19T22:54:00+08:00,B-06-01,B-06-01-RES-2,resident,main_lobby,entry,granted
EVT-002832,2026-08-19T22:55:00+08:00,B-06-02,B-06-02-ACT-05,access_card,main_lobby,entry,granted
EVT-001243,2026-08-20T07:02:00+08:00,A-07-02,A-07-02-RES-1,resident,main_lobby,exit,granted
EVT-001847,2026-08-20T07:06:00+08:00,B-04-01,B-04-01-RES-2,resident,main_lobby,exit,granted
EVT-002107,2026-08-20T07:11:00+08:00,B-05-01,B-05-01-RES-2,resident,main_lobby,exit,granted
EVT-000433,2026-08-20T07:19:00+08:00,A-04-01,A-04-01-RES-1,resident,main_lobby,exit,granted
EVT-000937,2026-08-20T07:25:00+08:00,A-06-01,A-06-01-RES-2,resident,main_lobby,exit,granted
EVT-000983,2026-08-20T07:35:00+08:00,A-06-01,A-06-01-RES-3,resident,main_lobby,exit,granted
EVT-001485,2026-08-20T07:35:00+08:00,B-02-02,B-02-02-RES-1,resident,main_lobby,exit,granted
EVT-000235,2026-08-20T07:36:00+08:00,A-03-01,A-03-01-RES-2,resident,main_lobby,exit,granted
EVT-000081,2026-08-20T07:37:00+08:00,A-02-02,A-02-02-RES-1,resident,main_lobby,exit,granted
EVT-000835,2026-08-20T07:38:00+08:00,A-05-02,A-05-02-RES-2,resident,main_lobby,exit,granted
EVT-002315,2026-08-20T07:40:00+08:00,B-06-01,B-06-01-RES-2,resident,main_lobby,exit,granted
EVT-000633,2026-08-20T07:42:00+08:00,A-05-01,A-05-01-RES-1,resident,main_lobby,exit,granted
EVT-000029,2026-08-20T07:55:00+08:00,A-02-01,A-02-01-RES-1,resident,main_lobby,exit,granted
EVT-002639,2026-08-20T08:05:00+08:00,B-07-02,B-07-02-RES-2,resident,main_lobby,exit,granted
EVT-002369,2026-08-20T08:32:00+08:00,B-06-02,B-06-02-RES-1,resident,main_lobby,exit,granted
EVT-002155,2026-08-20T08:37:00+08:00,B-05-02,B-05-02-RES-1,resident,main_lobby,exit,granted
EVT-000583,2026-08-20T08:38:00+08:00,A-04-02,A-04-02-RES-1,resident,main_lobby,exit,granted
EVT-001129,2026-08-20T08:41:00+08:00,A-07-01,A-07-01-RES-1,resident,main_lobby,exit,granted
EVT-001955,2026-08-20T08:41:00+08:00,B-04-02,B-04-02-RES-1,resident,main_lobby,exit,granted
EVT-001643,2026-08-20T08:46:00+08:00,B-03-01,B-03-01-RES-2,resident,main_lobby,exit,granted
EVT-002413,2026-08-20T08:48:00+08:00,B-06-02,B-06-02-RES-2,resident,main_lobby,exit,granted
EVT-001185,2026-08-20T09:00:00+08:00,A-07-01,A-07-01-RES-2,resident,main_lobby,exit,granted
EVT-000285,2026-08-20T09:06:00+08:00,A-03-02,A-03-02-RES-1,resident,main_lobby,exit,granted
EVT-001081,2026-08-20T09:06:00+08:00,A-06-02,A-06-02-RES-2,resident,main_lobby,exit,granted
EVT-000479,2026-08-20T09:15:00+08:00,A-04-01,A-04-01-RES-2,resident,main_lobby,exit,granted
EVT-001903,2026-08-20T09:15:00+08:00,B-04-01,B-04-01-RES-3,resident,main_lobby,exit,granted
EVT-002065,2026-08-20T09:15:00+08:00,B-05-01,B-05-01-RES-1,resident,main_lobby,exit,granted
EVT-002473,2026-08-20T09:21:00+08:00,B-07-01,B-07-01-RES-1,resident,main_lobby,exit,granted
EVT-001697,2026-08-20T09:27:00+08:00,B-03-01,B-03-01-RES-3,resident,main_lobby,exit,granted
EVT-000529,2026-08-20T09:36:00+08:00,A-04-01,A-04-01-RES-3,resident,main_lobby,exit,granted
EVT-002529,2026-08-20T09:45:00+08:00,B-07-01,B-07-01-RES-2,resident,main_lobby,exit,granted
EVT-001795,2026-08-20T09:48:00+08:00,B-04-01,B-04-01-RES-1,resident,main_lobby,exit,granted
EVT-002583,2026-08-20T09:50:00+08:00,B-07-02,B-07-02-RES-1,resident,main_lobby,exit,granted
EVT-000385,2026-08-20T09:55:00+08:00,A-03-02,A-03-02-RES-3,resident,main_lobby,exit,granted
EVT-001343,2026-08-20T10:00:00+08:00,B-02-01,B-02-01-RES-1,resident,main_lobby,exit,granted
EVT-001437,2026-08-20T10:02:00+08:00,B-02-01,B-02-01-RES-3,resident,main_lobby,exit,granted
EVT-000187,2026-08-20T10:03:00+08:00,A-03-01,A-03-01-RES-1,resident,main_lobby,exit,granted
EVT-001533,2026-08-20T10:07:00+08:00,B-02-02,B-02-02-RES-2,resident,main_lobby,exit,granted
EVT-000785,2026-08-20T10:19:00+08:00,A-05-02,A-05-02-RES-1,resident,main_lobby,exit,granted
EVT-001591,2026-08-20T10:19:00+08:00,B-03-01,B-03-01-RES-1,resident,main_lobby,exit,granted
EVT-002211,2026-08-20T10:40:00+08:00,B-05-02,B-05-02-RES-2,resident,main_lobby,exit,granted
EVT-001747,2026-08-20T10:45:00+08:00,B-03-02,B-03-02-RES-1,resident,main_lobby,exit,granted
EVT-002013,2026-08-20T10:47:00+08:00,B-04-02,B-04-02-RES-2,resident,main_lobby,exit,granted
EVT-001035,2026-08-20T10:51:00+08:00,A-06-02,A-06-02-RES-1,resident,main_lobby,exit,granted
EVT-002265,2026-08-20T10:52:00+08:00,B-06-01,B-06-01-RES-1,resident,main_lobby,exit,granted
EVT-002683,2026-08-20T13:00:00+08:00,A-03-01,A-03-01-GUEST-09,visitor_card,main_lobby,entry,granted
EVT-002684,2026-08-20T13:04:00+08:00,A-03-01,A-03-01-GUEST-09,visitor_card,lift_lobby,entry,granted
EVT-002895,2026-08-20T14:03:00+08:00,A-07-02,A-07-02-G-05,visitor_card,main_lobby,entry,granted
EVT-001438,2026-08-20T17:03:00+08:00,B-02-01,B-02-01-RES-3,resident,main_lobby,entry,granted
EVT-002474,2026-08-20T17:03:00+08:00,B-07-01,B-07-01-RES-1,resident,main_lobby,entry,granted
EVT-002530,2026-08-20T17:17:00+08:00,B-07-01,B-07-01-RES-2,resident,main_lobby,entry,granted
EVT-001486,2026-08-20T17:21:00+08:00,B-02-02,B-02-02-RES-1,resident,main_lobby,entry,granted
EVT-001244,2026-08-20T17:40:00+08:00,A-07-02,A-07-02-RES-1,resident,main_lobby,entry,granted
EVT-000386,2026-08-20T17:55:00+08:00,A-03-02,A-03-02-RES-3,resident,main_lobby,entry,granted
EVT-002414,2026-08-20T18:04:00+08:00,B-06-02,B-06-02-RES-2,resident,main_lobby,entry,granted
EVT-001082,2026-08-20T18:05:00+08:00,A-06-02,A-06-02-RES-2,resident,main_lobby,entry,granted
EVT-001036,2026-08-20T18:06:00+08:00,A-06-02,A-06-02-RES-1,resident,main_lobby,entry,granted
EVT-000286,2026-08-20T18:18:00+08:00,A-03-02,A-03-02-RES-1,resident,main_lobby,entry,granted
EVT-001796,2026-08-20T18:18:00+08:00,B-04-01,B-04-01-RES-1,resident,main_lobby,entry,granted
EVT-000236,2026-08-20T18:29:00+08:00,A-03-01,A-03-01-RES-2,resident,main_lobby,entry,granted
EVT-002640,2026-08-20T18:41:00+08:00,B-07-02,B-07-02-RES-2,resident,main_lobby,entry,granted
EVT-001904,2026-08-20T18:45:00+08:00,B-04-01,B-04-01-RES-3,resident,main_lobby,entry,granted
EVT-000584,2026-08-20T18:48:00+08:00,A-04-02,A-04-02-RES-1,resident,main_lobby,entry,granted
EVT-001848,2026-08-20T18:49:00+08:00,B-04-01,B-04-01-RES-2,resident,main_lobby,entry,granted
EVT-000480,2026-08-20T18:50:00+08:00,A-04-01,A-04-01-RES-2,resident,main_lobby,entry,granted
EVT-000530,2026-08-20T18:51:00+08:00,A-04-01,A-04-01-RES-3,resident,main_lobby,entry,granted
EVT-002014,2026-08-20T18:54:00+08:00,B-04-02,B-04-02-RES-2,resident,main_lobby,entry,granted
EVT-001644,2026-08-20T19:00:00+08:00,B-03-01,B-03-01-RES-2,resident,main_lobby,entry,granted
EVT-002066,2026-08-20T19:05:00+08:00,B-05-01,B-05-01-RES-1,resident,main_lobby,entry,granted
EVT-001344,2026-08-20T19:12:00+08:00,B-02-01,B-02-01-RES-1,resident,main_lobby,entry,granted
EVT-002212,2026-08-20T19:12:00+08:00,B-05-02,B-05-02-RES-2,resident,main_lobby,entry,granted
EVT-002584,2026-08-20T19:29:00+08:00,B-07-02,B-07-02-RES-1,resident,main_lobby,entry,granted
EVT-002266,2026-08-20T19:50:00+08:00,B-06-01,B-06-01-RES-1,resident,main_lobby,entry,granted
EVT-000938,2026-08-20T19:52:00+08:00,A-06-01,A-06-01-RES-2,resident,main_lobby,entry,granted
EVT-000634,2026-08-20T19:56:00+08:00,A-05-01,A-05-01-RES-1,resident,main_lobby,entry,granted
EVT-001956,2026-08-20T20:01:00+08:00,B-04-02,B-04-02-RES-1,resident,main_lobby,entry,granted
EVT-000434,2026-08-20T20:02:00+08:00,A-04-01,A-04-01-RES-1,resident,main_lobby,entry,granted
EVT-000786,2026-08-20T20:04:00+08:00,A-05-02,A-05-02-RES-1,resident,main_lobby,entry,granted
EVT-001186,2026-08-20T20:08:00+08:00,A-07-01,A-07-01-RES-2,resident,main_lobby,entry,granted
EVT-001534,2026-08-20T20:09:00+08:00,B-02-02,B-02-02-RES-2,resident,main_lobby,entry,granted
EVT-000836,2026-08-20T20:16:00+08:00,A-05-02,A-05-02-RES-2,resident,main_lobby,entry,granted
EVT-000984,2026-08-20T20:26:00+08:00,A-06-01,A-06-01-RES-3,resident,main_lobby,entry,granted
EVT-002108,2026-08-20T20:31:00+08:00,B-05-01,B-05-01-RES-2,resident,main_lobby,entry,granted
EVT-002370,2026-08-20T20:35:00+08:00,B-06-02,B-06-02-RES-1,resident,main_lobby,entry,granted
EVT-001130,2026-08-20T21:02:00+08:00,A-07-01,A-07-01-RES-1,resident,main_lobby,entry,granted
EVT-000188,2026-08-20T21:15:00+08:00,A-03-01,A-03-01-RES-1,resident,main_lobby,entry,granted
EVT-002156,2026-08-20T21:29:00+08:00,B-05-02,B-05-02-RES-1,resident,main_lobby,entry,granted
EVT-001698,2026-08-20T22:07:00+08:00,B-03-01,B-03-01-RES-3,resident,main_lobby,entry,granted
EVT-000030,2026-08-20T22:19:00+08:00,A-02-01,A-02-01-RES-1,resident,main_lobby,entry,granted
EVT-001748,2026-08-20T22:23:00+08:00,B-03-02,B-03-02-RES-1,resident,main_lobby,entry,granted
EVT-002316,2026-08-20T22:24:00+08:00,B-06-01,B-06-01-RES-2,resident,main_lobby,entry,granted
EVT-001592,2026-08-20T22:33:00+08:00,B-03-01,B-03-01-RES-1,resident,main_lobby,entry,granted
EVT-000082,2026-08-20T22:34:00+08:00,A-02-02,A-02-02-RES-1,resident,main_lobby,entry,granted
EVT-002699,2026-08-20T22:52:00+08:00,A-05-02,A-05-02-TEMP-06,visitor_card,main_lobby,entry,granted
EVT-002700,2026-08-21T04:52:00+08:00,A-05-02,A-05-02-TEMP-06,visitor_card,main_lobby,exit,granted
EVT-002881,2026-08-21T06:57:00+08:00,B-06-02,B-06-02-ACT-08,access_card,main_lobby,entry,granted
EVT-001699,2026-08-21T07:00:00+08:00,B-03-01,B-03-01-RES-3,resident,main_lobby,exit,granted
EVT-001749,2026-08-21T07:06:00+08:00,B-03-02,B-03-02-RES-1,resident,main_lobby,exit,granted
EVT-000585,2026-08-21T07:11:00+08:00,A-04-02,A-04-02-RES-1,resident,main_lobby,exit,granted
EVT-002317,2026-08-21T07:20:00+08:00,B-06-01,B-06-01-RES-2,resident,main_lobby,exit,granted
EVT-000687,2026-08-21T07:24:00+08:00,A-05-01,A-05-01-RES-2,resident,main_lobby,exit,granted
EVT-002585,2026-08-21T07:30:00+08:00,B-07-02,B-07-02-RES-1,resident,main_lobby,exit,granted
EVT-002817,2026-08-21T07:35:00+08:00,B-06-02,B-06-02-ACT-04,access_card,main_lobby,entry,granted
EVT-000531,2026-08-21T07:38:00+08:00,A-04-01,A-04-01-RES-3,resident,main_lobby,exit,granted
EVT-001849,2026-08-21T07:40:00+08:00,B-04-01,B-04-01-RES-2,resident,main_lobby,exit,granted
EVT-000481,2026-08-21T07:53:00+08:00,A-04-01,A-04-01-RES-2,resident,main_lobby,exit,granted
EVT-000885,2026-08-21T07:53:00+08:00,A-06-01,A-06-01-RES-1,resident,main_lobby,exit,granted
EVT-002213,2026-08-21T07:55:00+08:00,B-05-02,B-05-02-RES-2,resident,main_lobby,exit,granted
EVT-001535,2026-08-21T07:59:00+08:00,B-02-02,B-02-02-RES-2,resident,main_lobby,exit,granted
EVT-001439,2026-08-21T08:01:00+08:00,B-02-01,B-02-01-RES-3,resident,main_lobby,exit,granted
EVT-000435,2026-08-21T08:05:00+08:00,A-04-01,A-04-01-RES-1,resident,main_lobby,exit,granted
EVT-002475,2026-08-21T08:10:00+08:00,B-07-01,B-07-01-RES-1,resident,main_lobby,exit,granted
EVT-000287,2026-08-21T08:19:00+08:00,A-03-02,A-03-02-RES-1,resident,main_lobby,exit,granted
EVT-000985,2026-08-21T08:24:00+08:00,A-06-01,A-06-01-RES-3,resident,main_lobby,exit,granted
EVT-000787,2026-08-21T08:28:00+08:00,A-05-02,A-05-02-RES-1,resident,main_lobby,exit,granted
EVT-000739,2026-08-21T08:31:00+08:00,A-05-01,A-05-01-RES-3,resident,main_lobby,exit,granted
EVT-001957,2026-08-21T08:36:00+08:00,B-04-02,B-04-02-RES-1,resident,main_lobby,exit,granted
EVT-000939,2026-08-21T08:37:00+08:00,A-06-01,A-06-01-RES-2,resident,main_lobby,exit,granted
EVT-000635,2026-08-21T08:38:00+08:00,A-05-01,A-05-01-RES-1,resident,main_lobby,exit,granted
EVT-001797,2026-08-21T08:53:00+08:00,B-04-01,B-04-01-RES-1,resident,main_lobby,exit,granted
EVT-000083,2026-08-21T09:03:00+08:00,A-02-02,A-02-02-RES-1,resident,main_lobby,exit,granted
EVT-002067,2026-08-21T09:04:00+08:00,B-05-01,B-05-01-RES-1,resident,main_lobby,exit,granted
EVT-000237,2026-08-21T09:10:00+08:00,A-03-01,A-03-01-RES-2,resident,main_lobby,exit,granted
EVT-002267,2026-08-21T09:33:00+08:00,B-06-01,B-06-01-RES-1,resident,main_lobby,exit,granted
EVT-001345,2026-08-21T09:47:00+08:00,B-02-01,B-02-01-RES-1,resident,main_lobby,exit,granted
EVT-002109,2026-08-21T09:50:00+08:00,B-05-01,B-05-01-RES-2,resident,main_lobby,exit,granted
EVT-001245,2026-08-21T10:01:00+08:00,A-07-02,A-07-02-RES-1,resident,main_lobby,exit,granted
EVT-000339,2026-08-21T10:05:00+08:00,A-03-02,A-03-02-RES-2,resident,main_lobby,exit,granted
EVT-001905,2026-08-21T10:17:00+08:00,B-04-01,B-04-01-RES-3,resident,main_lobby,exit,granted
EVT-001291,2026-08-21T10:23:00+08:00,A-07-02,A-07-02-RES-2,resident,main_lobby,exit,granted
EVT-001391,2026-08-21T10:23:00+08:00,B-02-01,B-02-01-RES-2,resident,main_lobby,exit,granted
EVT-002157,2026-08-21T10:33:00+08:00,B-05-02,B-05-02-RES-1,resident,main_lobby,exit,granted
EVT-001083,2026-08-21T10:35:00+08:00,A-06-02,A-06-02-RES-2,resident,main_lobby,exit,granted
EVT-001187,2026-08-21T10:35:00+08:00,A-07-01,A-07-01-RES-2,resident,main_lobby,exit,granted
EVT-001487,2026-08-21T10:45:00+08:00,B-02-02,B-02-02-RES-1,resident,main_lobby,exit,granted
EVT-001131,2026-08-21T10:48:00+08:00,A-07-01,A-07-01-RES-1,resident,main_lobby,exit,granted
EVT-000135,2026-08-21T10:51:00+08:00,A-02-02,A-02-02-RES-2,resident,main_lobby,exit,granted
EVT-002415,2026-08-21T10:55:00+08:00,B-06-02,B-06-02-RES-2,resident,main_lobby,exit,granted
EVT-002531,2026-08-21T10:56:00+08:00,B-07-01,B-07-01-RES-2,resident,main_lobby,exit,granted
EVT-002641,2026-08-21T10:57:00+08:00,B-07-02,B-07-02-RES-2,resident,main_lobby,exit,granted
EVT-002685,2026-08-21T11:00:00+08:00,A-03-01,A-03-01-GUEST-09,visitor_card,main_lobby,exit,granted
EVT-002686,2026-08-21T15:00:00+08:00,A-03-01,A-03-01-GUEST-10,visitor_card,main_lobby,entry,granted
EVT-002687,2026-08-21T15:04:00+08:00,A-03-01,A-03-01-GUEST-10,visitor_card,lift_lobby,entry,granted
EVT-002896,2026-08-21T16:03:00+08:00,A-07-02,A-07-02-G-05,visitor_card,main_lobby,exit,granted
EVT-000940,2026-08-21T17:02:00+08:00,A-06-01,A-06-01-RES-2,resident,main_lobby,entry,granted
EVT-001850,2026-08-21T17:13:00+08:00,B-04-01,B-04-01-RES-2,resident,main_lobby,entry,granted
EVT-002586,2026-08-21T17:22:00+08:00,B-07-02,B-07-02-RES-1,resident,main_lobby,entry,granted
EVT-001488,2026-08-21T17:27:00+08:00,B-02-02,B-02-02-RES-1,resident,main_lobby,entry,granted
EVT-001536,2026-08-21T17:36:00+08:00,B-02-02,B-02-02-RES-2,resident,main_lobby,entry,granted
EVT-000084,2026-08-21T17:37:00+08:00,A-02-02,A-02-02-RES-1,resident,main_lobby,entry,granted
EVT-001798,2026-08-21T17:44:00+08:00,B-04-01,B-04-01-RES-1,resident,main_lobby,entry,granted
EVT-000288,2026-08-21T17:45:00+08:00,A-03-02,A-03-02-RES-1,resident,main_lobby,entry,granted
EVT-002268,2026-08-21T17:46:00+08:00,B-06-01,B-06-01-RES-1,resident,main_lobby,entry,granted
EVT-001246,2026-08-21T17:59:00+08:00,A-07-02,A-07-02-RES-1,resident,main_lobby,entry,granted
EVT-002849,2026-08-21T18:09:00+08:00,B-06-02,B-06-02-ACT-06,access_card,main_lobby,exit,granted
EVT-000986,2026-08-21T18:16:00+08:00,A-06-01,A-06-01-RES-3,resident,main_lobby,entry,granted
EVT-002532,2026-08-21T18:23:00+08:00,B-07-01,B-07-01-RES-2,resident,main_lobby,entry,granted
EVT-002865,2026-08-21T18:26:00+08:00,B-06-02,B-06-02-ACT-07,access_card,main_lobby,entry,granted
EVT-001700,2026-08-21T18:42:00+08:00,B-03-01,B-03-01-RES-3,resident,main_lobby,entry,granted
EVT-002801,2026-08-21T19:01:00+08:00,B-06-02,B-06-02-ACT-03,access_card,main_lobby,exit,granted
EVT-001906,2026-08-21T19:08:00+08:00,B-04-01,B-04-01-RES-3,resident,main_lobby,entry,granted
EVT-000436,2026-08-21T19:20:00+08:00,A-04-01,A-04-01-RES-1,resident,main_lobby,entry,granted
EVT-001132,2026-08-21T19:50:00+08:00,A-07-01,A-07-01-RES-1,resident,main_lobby,entry,granted
EVT-000688,2026-08-21T20:02:00+08:00,A-05-01,A-05-01-RES-2,resident,main_lobby,entry,granted
EVT-000636,2026-08-21T20:09:00+08:00,A-05-01,A-05-01-RES-1,resident,main_lobby,entry,granted
EVT-002110,2026-08-21T20:19:00+08:00,B-05-01,B-05-01-RES-2,resident,main_lobby,entry,granted
EVT-000340,2026-08-21T20:22:00+08:00,A-03-02,A-03-02-RES-2,resident,main_lobby,entry,granted
EVT-000788,2026-08-21T20:30:00+08:00,A-05-02,A-05-02-RES-1,resident,main_lobby,entry,granted
EVT-000886,2026-08-21T20:50:00+08:00,A-06-01,A-06-01-RES-1,resident,main_lobby,entry,granted
EVT-001958,2026-08-21T21:10:00+08:00,B-04-02,B-04-02-RES-1,resident,main_lobby,entry,granted
EVT-000482,2026-08-21T21:13:00+08:00,A-04-01,A-04-01-RES-2,resident,main_lobby,entry,granted
EVT-001346,2026-08-21T21:15:00+08:00,B-02-01,B-02-01-RES-1,resident,main_lobby,entry,granted
EVT-000740,2026-08-21T21:24:00+08:00,A-05-01,A-05-01-RES-3,resident,main_lobby,entry,granted
EVT-001440,2026-08-21T21:30:00+08:00,B-02-01,B-02-01-RES-3,resident,main_lobby,entry,granted
EVT-002416,2026-08-21T21:31:00+08:00,B-06-02,B-06-02-RES-2,resident,main_lobby,entry,granted
EVT-001084,2026-08-21T21:32:00+08:00,A-06-02,A-06-02-RES-2,resident,main_lobby,entry,granted
EVT-002318,2026-08-21T21:36:00+08:00,B-06-01,B-06-01-RES-2,resident,main_lobby,entry,granted
EVT-000238,2026-08-21T21:38:00+08:00,A-03-01,A-03-01-RES-2,resident,main_lobby,entry,granted
EVT-001188,2026-08-21T21:41:00+08:00,A-07-01,A-07-01-RES-2,resident,main_lobby,entry,granted
EVT-001292,2026-08-21T21:43:00+08:00,A-07-02,A-07-02-RES-2,resident,main_lobby,entry,granted
EVT-002068,2026-08-21T21:59:00+08:00,B-05-01,B-05-01-RES-1,resident,main_lobby,entry,granted
EVT-002214,2026-08-21T22:13:00+08:00,B-05-02,B-05-02-RES-2,resident,main_lobby,entry,granted
EVT-001750,2026-08-21T22:14:00+08:00,B-03-02,B-03-02-RES-1,resident,main_lobby,entry,granted
EVT-002476,2026-08-21T22:18:00+08:00,B-07-01,B-07-01-RES-1,resident,main_lobby,entry,granted
EVT-000586,2026-08-21T22:31:00+08:00,A-04-02,A-04-02-RES-1,resident,main_lobby,entry,granted
EVT-002833,2026-08-21T22:37:00+08:00,B-06-02,B-06-02-ACT-05,access_card,main_lobby,entry,granted
EVT-002642,2026-08-21T22:38:00+08:00,B-07-02,B-07-02-RES-2,resident,main_lobby,entry,granted
EVT-001392,2026-08-21T22:40:00+08:00,B-02-01,B-02-01-RES-2,resident,main_lobby,entry,granted
EVT-002158,2026-08-21T22:40:00+08:00,B-05-02,B-05-02-RES-1,resident,main_lobby,entry,granted
EVT-002769,2026-08-21T22:43:00+08:00,B-06-02,B-06-02-ACT-01,access_card,main_lobby,entry,granted
EVT-000532,2026-08-21T22:53:00+08:00,A-04-01,A-04-01-RES-3,resident,main_lobby,entry,granted
EVT-000136,2026-08-21T22:55:00+08:00,A-02-02,A-02-02-RES-2,resident,main_lobby,entry,granted
EVT-002785,2026-08-21T22:59:00+08:00,B-06-02,B-06-02-ACT-02,access_card,main_lobby,entry,granted
EVT-001593,2026-08-22T07:00:00+08:00,B-03-01,B-03-01-RES-1,resident,main_lobby,exit,granted
EVT-001085,2026-08-22T07:05:00+08:00,A-06-02,A-06-02-RES-2,resident,main_lobby,exit,granted
EVT-001133,2026-08-22T07:06:00+08:00,A-07-01,A-07-01-RES-1,resident,main_lobby,exit,granted
EVT-000533,2026-08-22T07:11:00+08:00,A-04-01,A-04-01-RES-3,resident,main_lobby,exit,granted
EVT-002111,2026-08-22T07:25:00+08:00,B-05-01,B-05-01-RES-2,resident,main_lobby,exit,granted
EVT-000941,2026-08-22T07:34:00+08:00,A-06-01,A-06-01-RES-2,resident,main_lobby,exit,granted
EVT-001959,2026-08-22T07:57:00+08:00,B-04-02,B-04-02-RES-1,resident,main_lobby,exit,granted
EVT-000987,2026-08-22T07:59:00+08:00,A-06-01,A-06-01-RES-3,resident,main_lobby,exit,granted
EVT-001645,2026-08-22T08:01:00+08:00,B-03-01,B-03-01-RES-2,resident,main_lobby,exit,granted
EVT-000085,2026-08-22T08:03:00+08:00,A-02-02,A-02-02-RES-1,resident,main_lobby,exit,granted
EVT-000031,2026-08-22T08:09:00+08:00,A-02-01,A-02-01-RES-1,resident,main_lobby,exit,granted
EVT-002319,2026-08-22T08:09:00+08:00,B-06-01,B-06-01-RES-2,resident,main_lobby,exit,granted
EVT-000437,2026-08-22T08:12:00+08:00,A-04-01,A-04-01-RES-1,resident,main_lobby,exit,granted
EVT-001037,2026-08-22T08:12:00+08:00,A-06-02,A-06-02-RES-1,resident,main_lobby,exit,granted
EVT-000137,2026-08-22T08:17:00+08:00,A-02-02,A-02-02-RES-2,resident,main_lobby,exit,granted
EVT-002587,2026-08-22T08:18:00+08:00,B-07-02,B-07-02-RES-1,resident,main_lobby,exit,granted
EVT-000483,2026-08-22T08:21:00+08:00,A-04-01,A-04-01-RES-2,resident,main_lobby,exit,granted
EVT-002015,2026-08-22T08:28:00+08:00,B-04-02,B-04-02-RES-2,resident,main_lobby,exit,granted
EVT-002477,2026-08-22T08:29:00+08:00,B-07-01,B-07-01-RES-1,resident,main_lobby,exit,granted
EVT-000637,2026-08-22T08:46:00+08:00,A-05-01,A-05-01-RES-1,resident,main_lobby,exit,granted
EVT-000837,2026-08-22T08:46:00+08:00,A-05-02,A-05-02-RES-2,resident,main_lobby,exit,granted
EVT-001799,2026-08-22T08:48:00+08:00,B-04-01,B-04-01-RES-1,resident,main_lobby,exit,granted
EVT-000189,2026-08-22T08:51:00+08:00,A-03-01,A-03-01-RES-1,resident,main_lobby,exit,granted
EVT-001441,2026-08-22T08:51:00+08:00,B-02-01,B-02-01-RES-3,resident,main_lobby,exit,granted
EVT-001851,2026-08-22T08:55:00+08:00,B-04-01,B-04-01-RES-2,resident,main_lobby,exit,granted
EVT-002371,2026-08-22T08:59:00+08:00,B-06-02,B-06-02-RES-1,resident,main_lobby,exit,granted
EVT-000289,2026-08-22T09:02:00+08:00,A-03-02,A-03-02-RES-1,resident,main_lobby,exit,granted
EVT-002269,2026-08-22T09:04:00+08:00,B-06-01,B-06-01-RES-1,resident,main_lobby,exit,granted
EVT-002533,2026-08-22T09:13:00+08:00,B-07-01,B-07-01-RES-2,resident,main_lobby,exit,granted
EVT-000689,2026-08-22T09:16:00+08:00,A-05-01,A-05-01-RES-2,resident,main_lobby,exit,granted
EVT-001701,2026-08-22T09:22:00+08:00,B-03-01,B-03-01-RES-3,resident,main_lobby,exit,granted
EVT-002069,2026-08-22T09:22:00+08:00,B-05-01,B-05-01-RES-1,resident,main_lobby,exit,granted
EVT-002159,2026-08-22T09:30:00+08:00,B-05-02,B-05-02-RES-1,resident,main_lobby,exit,granted
EVT-000789,2026-08-22T09:38:00+08:00,A-05-02,A-05-02-RES-1,resident,main_lobby,exit,granted
EVT-000341,2026-08-22T09:42:00+08:00,A-03-02,A-03-02-RES-2,resident,main_lobby,exit,granted
EVT-001751,2026-08-22T09:53:00+08:00,B-03-02,B-03-02-RES-1,resident,main_lobby,exit,granted
EVT-001537,2026-08-22T09:55:00+08:00,B-02-02,B-02-02-RES-2,resident,main_lobby,exit,granted
EVT-000887,2026-08-22T09:56:00+08:00,A-06-01,A-06-01-RES-1,resident,main_lobby,exit,granted
EVT-001907,2026-08-22T09:56:00+08:00,B-04-01,B-04-01-RES-3,resident,main_lobby,exit,granted
EVT-000387,2026-08-22T10:00:00+08:00,A-03-02,A-03-02-RES-3,resident,main_lobby,exit,granted
EVT-001189,2026-08-22T10:26:00+08:00,A-07-01,A-07-01-RES-2,resident,main_lobby,exit,granted
EVT-000587,2026-08-22T10:43:00+08:00,A-04-02,A-04-02-RES-1,resident,main_lobby,exit,granted
EVT-001293,2026-08-22T10:49:00+08:00,A-07-02,A-07-02-RES-2,resident,main_lobby,exit,granted
EVT-001347,2026-08-22T10:49:00+08:00,B-02-01,B-02-01-RES-1,resident,main_lobby,exit,granted
EVT-002417,2026-08-22T10:56:00+08:00,B-06-02,B-06-02-RES-2,resident,main_lobby,exit,granted
EVT-002739,2026-08-22T15:00:00+08:00,B-04-01,B-04-01-WK-22-1,visitor_qr,main_lobby,entry,granted
EVT-002741,2026-08-22T15:20:00+08:00,B-04-01,B-04-01-WK-22-2,visitor_qr,main_lobby,entry,granted
EVT-000888,2026-08-22T17:00:00+08:00,A-06-01,A-06-01-RES-1,resident,main_lobby,entry,granted
EVT-002688,2026-08-22T17:00:00+08:00,A-03-01,A-03-01-GUEST-10,visitor_card,main_lobby,exit,granted
EVT-001294,2026-08-22T17:01:00+08:00,A-07-02,A-07-02-RES-2,resident,main_lobby,entry,granted
EVT-000290,2026-08-22T17:35:00+08:00,A-03-02,A-03-02-RES-1,resident,main_lobby,entry,granted
EVT-000838,2026-08-22T17:37:00+08:00,A-05-02,A-05-02-RES-2,resident,main_lobby,entry,granted
EVT-002320,2026-08-22T17:43:00+08:00,B-06-01,B-06-01-RES-2,resident,main_lobby,entry,granted
EVT-002112,2026-08-22T17:44:00+08:00,B-05-01,B-05-01-RES-2,resident,main_lobby,entry,granted
EVT-000342,2026-08-22T17:54:00+08:00,A-03-02,A-03-02-RES-2,resident,main_lobby,entry,granted
EVT-000942,2026-08-22T17:59:00+08:00,A-06-01,A-06-01-RES-2,resident,main_lobby,entry,granted
EVT-000790,2026-08-22T18:20:00+08:00,A-05-02,A-05-02-RES-1,resident,main_lobby,entry,granted
EVT-001442,2026-08-22T18:21:00+08:00,B-02-01,B-02-01-RES-3,resident,main_lobby,entry,granted
EVT-002418,2026-08-22T18:27:00+08:00,B-06-02,B-06-02-RES-2,resident,main_lobby,entry,granted
EVT-002270,2026-08-22T18:33:00+08:00,B-06-01,B-06-01-RES-1,resident,main_lobby,entry,granted
EVT-001348,2026-08-22T18:46:00+08:00,B-02-01,B-02-01-RES-1,resident,main_lobby,entry,granted
EVT-000138,2026-08-22T18:50:00+08:00,A-02-02,A-02-02-RES-2,resident,main_lobby,entry,granted
EVT-000438,2026-08-22T18:50:00+08:00,A-04-01,A-04-01-RES-1,resident,main_lobby,entry,granted
EVT-000484,2026-08-22T18:50:00+08:00,A-04-01,A-04-01-RES-2,resident,main_lobby,entry,granted
EVT-002070,2026-08-22T18:57:00+08:00,B-05-01,B-05-01-RES-1,resident,main_lobby,entry,granted
EVT-001134,2026-08-22T19:14:00+08:00,A-07-01,A-07-01-RES-1,resident,main_lobby,entry,granted
EVT-001086,2026-08-22T19:35:00+08:00,A-06-02,A-06-02-RES-2,resident,main_lobby,entry,granted
EVT-002588,2026-08-22T19:38:00+08:00,B-07-02,B-07-02-RES-1,resident,main_lobby,entry,granted
EVT-000534,2026-08-22T19:44:00+08:00,A-04-01,A-04-01-RES-3,resident,main_lobby,entry,granted
EVT-000032,2026-08-22T19:48:00+08:00,A-02-01,A-02-01-RES-1,resident,main_lobby,entry,granted
EVT-000638,2026-08-22T20:02:00+08:00,A-05-01,A-05-01-RES-1,resident,main_lobby,entry,granted
EVT-001908,2026-08-22T20:29:00+08:00,B-04-01,B-04-01-RES-3,resident,main_lobby,entry,granted
EVT-001702,2026-08-22T20:39:00+08:00,B-03-01,B-03-01-RES-3,resident,main_lobby,entry,granted
EVT-000190,2026-08-22T20:42:00+08:00,A-03-01,A-03-01-RES-1,resident,main_lobby,entry,granted
EVT-000988,2026-08-22T20:54:00+08:00,A-06-01,A-06-01-RES-3,resident,main_lobby,entry,granted
EVT-001800,2026-08-22T21:02:00+08:00,B-04-01,B-04-01-RES-1,resident,main_lobby,entry,granted
EVT-000086,2026-08-22T21:05:00+08:00,A-02-02,A-02-02-RES-1,resident,main_lobby,entry,granted
EVT-001960,2026-08-22T21:09:00+08:00,B-04-02,B-04-02-RES-1,resident,main_lobby,entry,granted
EVT-002160,2026-08-22T21:14:00+08:00,B-05-02,B-05-02-RES-1,resident,main_lobby,entry,granted
EVT-002372,2026-08-22T21:19:00+08:00,B-06-02,B-06-02-RES-1,resident,main_lobby,entry,granted
EVT-002534,2026-08-22T21:19:00+08:00,B-07-01,B-07-01-RES-2,resident,main_lobby,entry,granted
EVT-001038,2026-08-22T21:33:00+08:00,A-06-02,A-06-02-RES-1,resident,main_lobby,entry,granted
EVT-000588,2026-08-22T21:41:00+08:00,A-04-02,A-04-02-RES-1,resident,main_lobby,entry,granted
EVT-001594,2026-08-22T21:42:00+08:00,B-03-01,B-03-01-RES-1,resident,main_lobby,entry,granted
EVT-001538,2026-08-22T21:56:00+08:00,B-02-02,B-02-02-RES-2,resident,main_lobby,entry,granted
EVT-001646,2026-08-22T22:00:00+08:00,B-03-01,B-03-01-RES-2,resident,main_lobby,entry,granted
EVT-000690,2026-08-22T22:01:00+08:00,A-05-01,A-05-01-RES-2,resident,main_lobby,entry,granted
EVT-000388,2026-08-22T22:09:00+08:00,A-03-02,A-03-02-RES-3,resident,main_lobby,entry,granted
EVT-002016,2026-08-22T22:10:00+08:00,B-04-02,B-04-02-RES-2,resident,main_lobby,entry,granted
EVT-001852,2026-08-22T22:27:00+08:00,B-04-01,B-04-01-RES-2,resident,main_lobby,entry,granted
EVT-002478,2026-08-22T22:37:00+08:00,B-07-01,B-07-01-RES-1,resident,main_lobby,entry,granted
EVT-001752,2026-08-22T22:51:00+08:00,B-03-02,B-03-02-RES-1,resident,main_lobby,entry,granted
EVT-001190,2026-08-22T22:53:00+08:00,A-07-01,A-07-01-RES-2,resident,main_lobby,entry,granted
EVT-002740,2026-08-23T01:00:00+08:00,B-04-01,B-04-01-WK-22-1,visitor_qr,main_lobby,exit,granted
EVT-002742,2026-08-23T03:20:00+08:00,B-04-01,B-04-01-WK-22-2,visitor_qr,main_lobby,exit,granted
EVT-002834,2026-08-23T06:02:00+08:00,B-06-02,B-06-02-ACT-05,access_card,main_lobby,entry,granted
EVT-002479,2026-08-23T07:05:00+08:00,B-07-01,B-07-01-RES-1,resident,main_lobby,exit,granted
EVT-001295,2026-08-23T07:16:00+08:00,A-07-02,A-07-02-RES-2,resident,main_lobby,exit,granted
EVT-000691,2026-08-23T07:22:00+08:00,A-05-01,A-05-01-RES-2,resident,main_lobby,exit,granted
EVT-001703,2026-08-23T07:23:00+08:00,B-03-01,B-03-01-RES-3,resident,main_lobby,exit,granted
EVT-002589,2026-08-23T07:25:00+08:00,B-07-02,B-07-02-RES-1,resident,main_lobby,exit,granted
EVT-001247,2026-08-23T07:27:00+08:00,A-07-02,A-07-02-RES-1,resident,main_lobby,exit,granted
EVT-000033,2026-08-23T07:38:00+08:00,A-02-01,A-02-01-RES-1,resident,main_lobby,exit,granted
EVT-002419,2026-08-23T07:38:00+08:00,B-06-02,B-06-02-RES-2,resident,main_lobby,exit,granted
EVT-002802,2026-08-23T07:41:00+08:00,B-06-02,B-06-02-ACT-03,access_card,main_lobby,entry,granted
EVT-002850,2026-08-23T07:44:00+08:00,B-06-02,B-06-02-ACT-06,access_card,main_lobby,exit,granted
EVT-000889,2026-08-23T07:59:00+08:00,A-06-01,A-06-01-RES-1,resident,main_lobby,exit,granted
EVT-000989,2026-08-23T08:03:00+08:00,A-06-01,A-06-01-RES-3,resident,main_lobby,exit,granted
EVT-000389,2026-08-23T08:04:00+08:00,A-03-02,A-03-02-RES-3,resident,main_lobby,exit,granted
EVT-001191,2026-08-23T08:05:00+08:00,A-07-01,A-07-01-RES-2,resident,main_lobby,exit,granted
EVT-001647,2026-08-23T08:14:00+08:00,B-03-01,B-03-01-RES-2,resident,main_lobby,exit,granted
EVT-000239,2026-08-23T08:19:00+08:00,A-03-01,A-03-01-RES-2,resident,main_lobby,exit,granted
EVT-000639,2026-08-23T08:28:00+08:00,A-05-01,A-05-01-RES-1,resident,main_lobby,exit,granted
EVT-001135,2026-08-23T08:28:00+08:00,A-07-01,A-07-01-RES-1,resident,main_lobby,exit,granted
EVT-002271,2026-08-23T08:34:00+08:00,B-06-01,B-06-01-RES-1,resident,main_lobby,exit,granted
EVT-000291,2026-08-23T08:40:00+08:00,A-03-02,A-03-02-RES-1,resident,main_lobby,exit,granted
EVT-002071,2026-08-23T08:47:00+08:00,B-05-01,B-05-01-RES-1,resident,main_lobby,exit,granted
EVT-002113,2026-08-23T08:52:00+08:00,B-05-01,B-05-01-RES-2,resident,main_lobby,exit,granted
EVT-001443,2026-08-23T09:03:00+08:00,B-02-01,B-02-01-RES-3,resident,main_lobby,exit,granted
EVT-001039,2026-08-23T09:17:00+08:00,A-06-02,A-06-02-RES-1,resident,main_lobby,exit,granted
EVT-000535,2026-08-23T09:22:00+08:00,A-04-01,A-04-01-RES-3,resident,main_lobby,exit,granted
EVT-001909,2026-08-23T09:31:00+08:00,B-04-01,B-04-01-RES-3,resident,main_lobby,exit,granted
EVT-000439,2026-08-23T09:33:00+08:00,A-04-01,A-04-01-RES-1,resident,main_lobby,exit,granted
EVT-001753,2026-08-23T09:44:00+08:00,B-03-02,B-03-02-RES-1,resident,main_lobby,exit,granted
EVT-000741,2026-08-23T09:45:00+08:00,A-05-01,A-05-01-RES-3,resident,main_lobby,exit,granted
EVT-000191,2026-08-23T09:48:00+08:00,A-03-01,A-03-01-RES-1,resident,main_lobby,exit,granted
EVT-002535,2026-08-23T09:50:00+08:00,B-07-01,B-07-01-RES-2,resident,main_lobby,exit,granted
EVT-000589,2026-08-23T09:55:00+08:00,A-04-02,A-04-02-RES-1,resident,main_lobby,exit,granted
EVT-001087,2026-08-23T09:55:00+08:00,A-06-02,A-06-02-RES-2,resident,main_lobby,exit,granted
EVT-001393,2026-08-23T09:58:00+08:00,B-02-01,B-02-01-RES-2,resident,main_lobby,exit,granted
EVT-001961,2026-08-23T09:59:00+08:00,B-04-02,B-04-02-RES-1,resident,main_lobby,exit,granted
EVT-001801,2026-08-23T10:06:00+08:00,B-04-01,B-04-01-RES-1,resident,main_lobby,exit,granted
EVT-000839,2026-08-23T10:09:00+08:00,A-05-02,A-05-02-RES-2,resident,main_lobby,exit,granted
EVT-001489,2026-08-23T10:10:00+08:00,B-02-02,B-02-02-RES-1,resident,main_lobby,exit,granted
EVT-001539,2026-08-23T10:16:00+08:00,B-02-02,B-02-02-RES-2,resident,main_lobby,exit,granted
EVT-002161,2026-08-23T10:19:00+08:00,B-05-02,B-05-02-RES-1,resident,main_lobby,exit,granted
EVT-002215,2026-08-23T10:20:00+08:00,B-05-02,B-05-02-RES-2,resident,main_lobby,exit,granted
EVT-002321,2026-08-23T10:28:00+08:00,B-06-01,B-06-01-RES-2,resident,main_lobby,exit,granted
EVT-002643,2026-08-23T10:32:00+08:00,B-07-02,B-07-02-RES-2,resident,main_lobby,exit,granted
EVT-000343,2026-08-23T10:44:00+08:00,A-03-02,A-03-02-RES-2,resident,main_lobby,exit,granted
EVT-002373,2026-08-23T10:47:00+08:00,B-06-02,B-06-02-RES-1,resident,main_lobby,exit,granted
EVT-002017,2026-08-23T10:50:00+08:00,B-04-02,B-04-02-RES-2,resident,main_lobby,exit,granted
EVT-000139,2026-08-23T10:55:00+08:00,A-02-02,A-02-02-RES-2,resident,main_lobby,exit,granted
EVT-002743,2026-08-23T15:00:00+08:00,B-04-01,B-04-01-WK-23-1,visitor_qr,main_lobby,entry,granted
EVT-002745,2026-08-23T15:20:00+08:00,B-04-01,B-04-01-WK-23-2,visitor_qr,main_lobby,entry,granted
EVT-002747,2026-08-23T15:40:00+08:00,B-04-01,B-04-01-WK-23-3,visitor_qr,main_lobby,entry,granted
EVT-001394,2026-08-23T17:01:00+08:00,B-02-01,B-02-01-RES-2,resident,main_lobby,entry,granted
EVT-001754,2026-08-23T17:02:00+08:00,B-03-02,B-03-02-RES-1,resident,main_lobby,entry,granted
EVT-001490,2026-08-23T17:06:00+08:00,B-02-02,B-02-02-RES-1,resident,main_lobby,entry,granted
EVT-001444,2026-08-23T17:09:00+08:00,B-02-01,B-02-01-RES-3,resident,main_lobby,entry,granted
EVT-002216,2026-08-23T17:10:00+08:00,B-05-02,B-05-02-RES-2,resident,main_lobby,entry,granted
EVT-000536,2026-08-23T17:11:00+08:00,A-04-01,A-04-01-RES-3,resident,main_lobby,entry,granted
EVT-000240,2026-08-23T17:37:00+08:00,A-03-01,A-03-01-RES-2,resident,main_lobby,entry,granted
EVT-002536,2026-08-23T17:49:00+08:00,B-07-01,B-07-01-RES-2,resident,main_lobby,entry,granted
EVT-000140,2026-08-23T17:54:00+08:00,A-02-02,A-02-02-RES-2,resident,main_lobby,entry,granted
EVT-002374,2026-08-23T18:01:00+08:00,B-06-02,B-06-02-RES-1,resident,main_lobby,entry,granted
EVT-001296,2026-08-23T18:02:00+08:00,A-07-02,A-07-02-RES-2,resident,main_lobby,entry,granted
EVT-001962,2026-08-23T18:33:00+08:00,B-04-02,B-04-02-RES-1,resident,main_lobby,entry,granted
EVT-001248,2026-08-23T18:44:00+08:00,A-07-02,A-07-02-RES-1,resident,main_lobby,entry,granted
EVT-000692,2026-08-23T18:46:00+08:00,A-05-01,A-05-01-RES-2,resident,main_lobby,entry,granted
EVT-001704,2026-08-23T19:11:00+08:00,B-03-01,B-03-01-RES-3,resident,main_lobby,entry,granted
EVT-000890,2026-08-23T19:18:00+08:00,A-06-01,A-06-01-RES-1,resident,main_lobby,entry,granted
EVT-002480,2026-08-23T19:20:00+08:00,B-07-01,B-07-01-RES-1,resident,main_lobby,entry,granted
EVT-000990,2026-08-23T19:24:00+08:00,A-06-01,A-06-01-RES-3,resident,main_lobby,entry,granted
EVT-001136,2026-08-23T19:25:00+08:00,A-07-01,A-07-01-RES-1,resident,main_lobby,entry,granted
EVT-002162,2026-08-23T19:26:00+08:00,B-05-02,B-05-02-RES-1,resident,main_lobby,entry,granted
EVT-002114,2026-08-23T19:30:00+08:00,B-05-01,B-05-01-RES-2,resident,main_lobby,entry,granted
EVT-000034,2026-08-23T19:31:00+08:00,A-02-01,A-02-01-RES-1,resident,main_lobby,entry,granted
EVT-002818,2026-08-23T19:42:00+08:00,B-06-02,B-06-02-ACT-04,access_card,main_lobby,entry,granted
EVT-002018,2026-08-23T19:51:00+08:00,B-04-02,B-04-02-RES-2,resident,main_lobby,entry,granted
EVT-001088,2026-08-23T20:00:00+08:00,A-06-02,A-06-02-RES-2,resident,main_lobby,entry,granted
EVT-001040,2026-08-23T20:05:00+08:00,A-06-02,A-06-02-RES-1,resident,main_lobby,entry,granted
EVT-000292,2026-08-23T20:06:00+08:00,A-03-02,A-03-02-RES-1,resident,main_lobby,entry,granted
EVT-002272,2026-08-23T20:12:00+08:00,B-06-01,B-06-01-RES-1,resident,main_lobby,entry,granted
EVT-000742,2026-08-23T20:13:00+08:00,A-05-01,A-05-01-RES-3,resident,main_lobby,entry,granted
EVT-002866,2026-08-23T20:15:00+08:00,B-06-02,B-06-02-ACT-07,access_card,main_lobby,entry,granted
EVT-000344,2026-08-23T20:18:00+08:00,A-03-02,A-03-02-RES-2,resident,main_lobby,entry,granted
EVT-002770,2026-08-23T20:21:00+08:00,B-06-02,B-06-02-ACT-01,access_card,main_lobby,entry,granted
EVT-002644,2026-08-23T20:35:00+08:00,B-07-02,B-07-02-RES-2,resident,main_lobby,entry,granted
EVT-000192,2026-08-23T20:39:00+08:00,A-03-01,A-03-01-RES-1,resident,main_lobby,entry,granted
EVT-001540,2026-08-23T20:41:00+08:00,B-02-02,B-02-02-RES-2,resident,main_lobby,entry,granted
EVT-000390,2026-08-23T20:50:00+08:00,A-03-02,A-03-02-RES-3,resident,main_lobby,entry,granted
EVT-001192,2026-08-23T21:01:00+08:00,A-07-01,A-07-01-RES-2,resident,main_lobby,entry,granted
EVT-001910,2026-08-23T21:06:00+08:00,B-04-01,B-04-01-RES-3,resident,main_lobby,entry,granted
EVT-000640,2026-08-23T21:18:00+08:00,A-05-01,A-05-01-RES-1,resident,main_lobby,entry,granted
EVT-002322,2026-08-23T21:36:00+08:00,B-06-01,B-06-01-RES-2,resident,main_lobby,entry,granted
EVT-001802,2026-08-23T21:55:00+08:00,B-04-01,B-04-01-RES-1,resident,main_lobby,entry,granted
EVT-000440,2026-08-23T21:58:00+08:00,A-04-01,A-04-01-RES-1,resident,main_lobby,entry,granted
EVT-000840,2026-08-23T22:15:00+08:00,A-05-02,A-05-02-RES-2,resident,main_lobby,entry,granted
EVT-000590,2026-08-23T22:20:00+08:00,A-04-02,A-04-02-RES-1,resident,main_lobby,entry,granted
EVT-002882,2026-08-23T22:28:00+08:00,B-06-02,B-06-02-ACT-08,access_card,main_lobby,exit,granted
EVT-002786,2026-08-23T22:29:00+08:00,B-06-02,B-06-02-ACT-02,access_card,main_lobby,exit,granted
EVT-002590,2026-08-23T22:50:00+08:00,B-07-02,B-07-02-RES-1,resident,main_lobby,entry,granted
EVT-002420,2026-08-23T22:52:00+08:00,B-06-02,B-06-02-RES-2,resident,main_lobby,entry,granted
EVT-001648,2026-08-23T22:56:00+08:00,B-03-01,B-03-01-RES-2,resident,main_lobby,entry,granted
EVT-002072,2026-08-23T22:59:00+08:00,B-05-01,B-05-01-RES-1,resident,main_lobby,entry,granted
EVT-002701,2026-08-23T23:00:00+08:00,A-05-02,A-05-02-TEMP-07,visitor_card,main_lobby,entry,granted
EVT-002748,2026-08-24T05:40:00+08:00,B-04-01,B-04-01-WK-23-3,visitor_qr,main_lobby,exit,granted
EVT-002702,2026-08-24T06:00:00+08:00,A-05-02,A-05-02-TEMP-07,visitor_card,main_lobby,exit,granted
EVT-002744,2026-08-24T07:00:00+08:00,B-04-01,B-04-01-WK-23-1,visitor_qr,main_lobby,exit,granted
EVT-002019,2026-08-24T07:10:00+08:00,B-04-02,B-04-02-RES-2,resident,main_lobby,exit,granted
EVT-000841,2026-08-24T07:12:00+08:00,A-05-02,A-05-02-RES-2,resident,main_lobby,exit,granted
EVT-002217,2026-08-24T07:25:00+08:00,B-05-02,B-05-02-RES-2,resident,main_lobby,exit,granted
EVT-002537,2026-08-24T07:28:00+08:00,B-07-01,B-07-01-RES-2,resident,main_lobby,exit,granted
EVT-000591,2026-08-24T07:30:00+08:00,A-04-02,A-04-02-RES-1,resident,main_lobby,exit,granted
EVT-000087,2026-08-24T07:43:00+08:00,A-02-02,A-02-02-RES-1,resident,main_lobby,exit,granted
EVT-000693,2026-08-24T07:49:00+08:00,A-05-01,A-05-01-RES-2,resident,main_lobby,exit,granted
EVT-002591,2026-08-24T07:50:00+08:00,B-07-02,B-07-02-RES-1,resident,main_lobby,exit,granted
EVT-001911,2026-08-24T07:53:00+08:00,B-04-01,B-04-01-RES-3,resident,main_lobby,exit,granted
EVT-000991,2026-08-24T07:55:00+08:00,A-06-01,A-06-01-RES-3,resident,main_lobby,exit,granted
EVT-001649,2026-08-24T08:06:00+08:00,B-03-01,B-03-01-RES-2,resident,main_lobby,exit,granted
EVT-000485,2026-08-24T08:08:00+08:00,A-04-01,A-04-01-RES-2,resident,main_lobby,exit,granted
EVT-001349,2026-08-24T08:09:00+08:00,B-02-01,B-02-01-RES-1,resident,main_lobby,exit,granted
EVT-000441,2026-08-24T08:16:00+08:00,A-04-01,A-04-01-RES-1,resident,main_lobby,exit,granted
EVT-001193,2026-08-24T08:18:00+08:00,A-07-01,A-07-01-RES-2,resident,main_lobby,exit,granted
EVT-002746,2026-08-24T08:20:00+08:00,B-04-01,B-04-01-WK-23-2,visitor_qr,main_lobby,exit,granted
EVT-001137,2026-08-24T08:22:00+08:00,A-07-01,A-07-01-RES-1,resident,main_lobby,exit,granted
EVT-001491,2026-08-24T08:26:00+08:00,B-02-02,B-02-02-RES-1,resident,main_lobby,exit,granted
EVT-002323,2026-08-24T08:27:00+08:00,B-06-01,B-06-01-RES-2,resident,main_lobby,exit,granted
EVT-002273,2026-08-24T08:36:00+08:00,B-06-01,B-06-01-RES-1,resident,main_lobby,exit,granted
EVT-001803,2026-08-24T08:47:00+08:00,B-04-01,B-04-01-RES-1,resident,main_lobby,exit,granted
EVT-001445,2026-08-24T08:49:00+08:00,B-02-01,B-02-01-RES-3,resident,main_lobby,exit,granted
EVT-000141,2026-08-24T08:52:00+08:00,A-02-02,A-02-02-RES-2,resident,main_lobby,exit,granted
EVT-002163,2026-08-24T09:00:00+08:00,B-05-02,B-05-02-RES-1,resident,main_lobby,exit,granted
EVT-002375,2026-08-24T09:22:00+08:00,B-06-02,B-06-02-RES-1,resident,main_lobby,exit,granted
EVT-000791,2026-08-24T09:25:00+08:00,A-05-02,A-05-02-RES-1,resident,main_lobby,exit,granted
EVT-002421,2026-08-24T09:25:00+08:00,B-06-02,B-06-02-RES-2,resident,main_lobby,exit,granted
EVT-000241,2026-08-24T09:36:00+08:00,A-03-01,A-03-01-RES-2,resident,main_lobby,exit,granted
EVT-000035,2026-08-24T09:56:00+08:00,A-02-01,A-02-01-RES-1,resident,main_lobby,exit,granted
EVT-001541,2026-08-24T10:02:00+08:00,B-02-02,B-02-02-RES-2,resident,main_lobby,exit,granted
EVT-000641,2026-08-24T10:14:00+08:00,A-05-01,A-05-01-RES-1,resident,main_lobby,exit,granted
EVT-001041,2026-08-24T10:29:00+08:00,A-06-02,A-06-02-RES-1,resident,main_lobby,exit,granted
EVT-001705,2026-08-24T10:29:00+08:00,B-03-01,B-03-01-RES-3,resident,main_lobby,exit,granted
EVT-001853,2026-08-24T10:41:00+08:00,B-04-01,B-04-01-RES-2,resident,main_lobby,exit,granted
EVT-001089,2026-08-24T10:49:00+08:00,A-06-02,A-06-02-RES-2,resident,main_lobby,exit,granted
EVT-000345,2026-08-24T10:52:00+08:00,A-03-02,A-03-02-RES-2,resident,main_lobby,exit,granted
EVT-002481,2026-08-24T10:52:00+08:00,B-07-01,B-07-01-RES-1,resident,main_lobby,exit,granted
EVT-000193,2026-08-24T10:53:00+08:00,A-03-01,A-03-01-RES-1,resident,main_lobby,exit,granted
EVT-000891,2026-08-24T10:56:00+08:00,A-06-01,A-06-01-RES-1,resident,main_lobby,exit,granted
EVT-002897,2026-08-24T14:09:00+08:00,A-07-02,A-07-02-G-06,visitor_card,main_lobby,entry,granted
EVT-000992,2026-08-24T17:12:00+08:00,A-06-01,A-06-01-RES-3,resident,main_lobby,entry,granted
EVT-001194,2026-08-24T17:17:00+08:00,A-07-01,A-07-01-RES-2,resident,main_lobby,entry,granted
EVT-000842,2026-08-24T17:28:00+08:00,A-05-02,A-05-02-RES-2,resident,main_lobby,entry,granted
EVT-001138,2026-08-24T17:30:00+08:00,A-07-01,A-07-01-RES-1,resident,main_lobby,entry,granted
EVT-002164,2026-08-24T17:33:00+08:00,B-05-02,B-05-02-RES-1,resident,main_lobby,entry,granted
EVT-001090,2026-08-24T17:46:00+08:00,A-06-02,A-06-02-RES-2,resident,main_lobby,entry,granted
EVT-001854,2026-08-24T17:47:00+08:00,B-04-01,B-04-01-RES-2,resident,main_lobby,entry,granted
EVT-002482,2026-08-24T17:48:00+08:00,B-07-01,B-07-01-RES-1,resident,main_lobby,entry,granted
EVT-001446,2026-08-24T17:54:00+08:00,B-02-01,B-02-01-RES-3,resident,main_lobby,entry,granted
EVT-001350,2026-08-24T17:59:00+08:00,B-02-01,B-02-01-RES-1,resident,main_lobby,entry,granted
EVT-002218,2026-08-24T18:00:00+08:00,B-05-02,B-05-02-RES-2,resident,main_lobby,entry,granted
EVT-001542,2026-08-24T18:17:00+08:00,B-02-02,B-02-02-RES-2,resident,main_lobby,entry,granted
EVT-000088,2026-08-24T18:25:00+08:00,A-02-02,A-02-02-RES-1,resident,main_lobby,entry,granted
EVT-000792,2026-08-24T18:48:00+08:00,A-05-02,A-05-02-RES-1,resident,main_lobby,entry,granted
EVT-000892,2026-08-24T18:54:00+08:00,A-06-01,A-06-01-RES-1,resident,main_lobby,entry,granted
EVT-000036,2026-08-24T19:15:00+08:00,A-02-01,A-02-01-RES-1,resident,main_lobby,entry,granted
EVT-002592,2026-08-24T19:34:00+08:00,B-07-02,B-07-02-RES-1,resident,main_lobby,entry,granted
EVT-002324,2026-08-24T19:50:00+08:00,B-06-01,B-06-01-RES-2,resident,main_lobby,entry,granted
EVT-001706,2026-08-24T19:53:00+08:00,B-03-01,B-03-01-RES-3,resident,main_lobby,entry,granted
EVT-001912,2026-08-24T19:54:00+08:00,B-04-01,B-04-01-RES-3,resident,main_lobby,entry,granted
EVT-000142,2026-08-24T20:22:00+08:00,A-02-02,A-02-02-RES-2,resident,main_lobby,entry,granted
EVT-001650,2026-08-24T20:32:00+08:00,B-03-01,B-03-01-RES-2,resident,main_lobby,entry,granted
EVT-000592,2026-08-24T20:40:00+08:00,A-04-02,A-04-02-RES-1,resident,main_lobby,entry,granted
EVT-002020,2026-08-24T20:40:00+08:00,B-04-02,B-04-02-RES-2,resident,main_lobby,entry,granted
EVT-000442,2026-08-24T20:51:00+08:00,A-04-01,A-04-01-RES-1,resident,main_lobby,entry,granted
EVT-002538,2026-08-24T21:01:00+08:00,B-07-01,B-07-01-RES-2,resident,main_lobby,entry,granted
EVT-000346,2026-08-24T21:02:00+08:00,A-03-02,A-03-02-RES-2,resident,main_lobby,entry,granted
EVT-000642,2026-08-24T21:15:00+08:00,A-05-01,A-05-01-RES-1,resident,main_lobby,entry,granted
EVT-001042,2026-08-24T21:15:00+08:00,A-06-02,A-06-02-RES-1,resident,main_lobby,entry,granted
EVT-000486,2026-08-24T21:16:00+08:00,A-04-01,A-04-01-RES-2,resident,main_lobby,entry,granted
EVT-000194,2026-08-24T21:28:00+08:00,A-03-01,A-03-01-RES-1,resident,main_lobby,entry,granted
EVT-000694,2026-08-24T21:47:00+08:00,A-05-01,A-05-01-RES-2,resident,main_lobby,entry,granted
EVT-002422,2026-08-24T21:47:00+08:00,B-06-02,B-06-02-RES-2,resident,main_lobby,entry,granted
EVT-002274,2026-08-24T22:11:00+08:00,B-06-01,B-06-01-RES-1,resident,main_lobby,entry,granted
EVT-002376,2026-08-24T22:19:00+08:00,B-06-02,B-06-02-RES-1,resident,main_lobby,entry,granted
EVT-001492,2026-08-24T22:35:00+08:00,B-02-02,B-02-02-RES-1,resident,main_lobby,entry,granted
EVT-001804,2026-08-24T22:35:00+08:00,B-04-01,B-04-01-RES-1,resident,main_lobby,entry,granted
EVT-000242,2026-08-24T22:58:00+08:00,A-03-01,A-03-01-RES-2,resident,main_lobby,entry,granted
EVT-002867,2026-08-25T06:33:00+08:00,B-06-02,B-06-02-ACT-07,access_card,main_lobby,entry,granted
EVT-002803,2026-08-25T06:42:00+08:00,B-06-02,B-06-02-ACT-03,access_card,main_lobby,exit,granted
EVT-000037,2026-08-25T07:05:00+08:00,A-02-01,A-02-01-RES-1,resident,main_lobby,exit,granted
EVT-002483,2026-08-25T07:18:00+08:00,B-07-01,B-07-01-RES-1,resident,main_lobby,exit,granted
EVT-000793,2026-08-25T07:20:00+08:00,A-05-02,A-05-02-RES-1,resident,main_lobby,exit,granted
EVT-001855,2026-08-25T07:29:00+08:00,B-04-01,B-04-01-RES-2,resident,main_lobby,exit,granted
EVT-002423,2026-08-25T07:33:00+08:00,B-06-02,B-06-02-RES-2,resident,main_lobby,exit,granted
EVT-000487,2026-08-25T07:42:00+08:00,A-04-01,A-04-01-RES-2,resident,main_lobby,exit,granted
EVT-002021,2026-08-25T07:52:00+08:00,B-04-02,B-04-02-RES-2,resident,main_lobby,exit,granted
EVT-001963,2026-08-25T07:56:00+08:00,B-04-02,B-04-02-RES-1,resident,main_lobby,exit,granted
EVT-000695,2026-08-25T08:02:00+08:00,A-05-01,A-05-01-RES-2,resident,main_lobby,exit,granted
EVT-001651,2026-08-25T08:04:00+08:00,B-03-01,B-03-01-RES-2,resident,main_lobby,exit,granted
EVT-002645,2026-08-25T08:11:00+08:00,B-07-02,B-07-02-RES-2,resident,main_lobby,exit,granted
EVT-002539,2026-08-25T08:12:00+08:00,B-07-01,B-07-01-RES-2,resident,main_lobby,exit,granted
EVT-000143,2026-08-25T08:14:00+08:00,A-02-02,A-02-02-RES-2,resident,main_lobby,exit,granted
EVT-002073,2026-08-25T08:15:00+08:00,B-05-01,B-05-01-RES-1,resident,main_lobby,exit,granted
EVT-002325,2026-08-25T08:21:00+08:00,B-06-01,B-06-01-RES-2,resident,main_lobby,exit,granted
EVT-002165,2026-08-25T08:22:00+08:00,B-05-02,B-05-02-RES-1,resident,main_lobby,exit,granted
EVT-000843,2026-08-25T08:26:00+08:00,A-05-02,A-05-02-RES-2,resident,main_lobby,exit,granted
EVT-000993,2026-08-25T08:30:00+08:00,A-06-01,A-06-01-RES-3,resident,main_lobby,exit,granted
EVT-001351,2026-08-25T08:34:00+08:00,B-02-01,B-02-01-RES-1,resident,main_lobby,exit,granted
EVT-000089,2026-08-25T08:37:00+08:00,A-02-02,A-02-02-RES-1,resident,main_lobby,exit,granted
EVT-001447,2026-08-25T09:04:00+08:00,B-02-01,B-02-01-RES-3,resident,main_lobby,exit,granted
EVT-001195,2026-08-25T09:10:00+08:00,A-07-01,A-07-01-RES-2,resident,main_lobby,exit,granted
EVT-000893,2026-08-25T09:12:00+08:00,A-06-01,A-06-01-RES-1,resident,main_lobby,exit,granted
EVT-000347,2026-08-25T09:16:00+08:00,A-03-02,A-03-02-RES-2,resident,main_lobby,exit,granted
EVT-002115,2026-08-25T09:16:00+08:00,B-05-01,B-05-01-RES-2,resident,main_lobby,exit,granted
EVT-001595,2026-08-25T09:19:00+08:00,B-03-01,B-03-01-RES-1,resident,main_lobby,exit,granted
EVT-000943,2026-08-25T09:26:00+08:00,A-06-01,A-06-01-RES-2,resident,main_lobby,exit,granted
EVT-000593,2026-08-25T09:37:00+08:00,A-04-02,A-04-02-RES-1,resident,main_lobby,exit,granted
EVT-001493,2026-08-25T09:42:00+08:00,B-02-02,B-02-02-RES-1,resident,main_lobby,exit,granted
EVT-001805,2026-08-25T09:44:00+08:00,B-04-01,B-04-01-RES-1,resident,main_lobby,exit,granted
EVT-000443,2026-08-25T09:51:00+08:00,A-04-01,A-04-01-RES-1,resident,main_lobby,exit,granted
EVT-002377,2026-08-25T09:51:00+08:00,B-06-02,B-06-02-RES-1,resident,main_lobby,exit,granted
EVT-001543,2026-08-25T10:02:00+08:00,B-02-02,B-02-02-RES-2,resident,main_lobby,exit,granted
EVT-000537,2026-08-25T10:04:00+08:00,A-04-01,A-04-01-RES-3,resident,main_lobby,exit,granted
EVT-001755,2026-08-25T10:06:00+08:00,B-03-02,B-03-02-RES-1,resident,main_lobby,exit,granted
EVT-000743,2026-08-25T10:12:00+08:00,A-05-01,A-05-01-RES-3,resident,main_lobby,exit,granted
EVT-002593,2026-08-25T10:15:00+08:00,B-07-02,B-07-02-RES-1,resident,main_lobby,exit,granted
EVT-000293,2026-08-25T10:30:00+08:00,A-03-02,A-03-02-RES-1,resident,main_lobby,exit,granted
EVT-000391,2026-08-25T10:41:00+08:00,A-03-02,A-03-02-RES-3,resident,main_lobby,exit,granted
EVT-002275,2026-08-25T10:47:00+08:00,B-06-01,B-06-01-RES-1,resident,main_lobby,exit,granted
EVT-001395,2026-08-25T10:51:00+08:00,B-02-01,B-02-01-RES-2,resident,main_lobby,exit,granted
EVT-001707,2026-08-25T10:51:00+08:00,B-03-01,B-03-01-RES-3,resident,main_lobby,exit,granted
EVT-000643,2026-08-25T10:57:00+08:00,A-05-01,A-05-01-RES-1,resident,main_lobby,exit,granted
EVT-001139,2026-08-25T10:58:00+08:00,A-07-01,A-07-01-RES-1,resident,main_lobby,exit,granted
EVT-002898,2026-08-25T13:09:00+08:00,A-07-02,A-07-02-G-06,visitor_card,main_lobby,exit,granted
EVT-001140,2026-08-25T17:07:00+08:00,A-07-01,A-07-01-RES-1,resident,main_lobby,entry,granted
EVT-000488,2026-08-25T17:08:00+08:00,A-04-01,A-04-01-RES-2,resident,main_lobby,entry,granted
EVT-000744,2026-08-25T17:08:00+08:00,A-05-01,A-05-01-RES-3,resident,main_lobby,entry,granted
EVT-001652,2026-08-25T17:19:00+08:00,B-03-01,B-03-01-RES-2,resident,main_lobby,entry,granted
EVT-000894,2026-08-25T17:21:00+08:00,A-06-01,A-06-01-RES-1,resident,main_lobby,entry,granted
EVT-000594,2026-08-25T17:22:00+08:00,A-04-02,A-04-02-RES-1,resident,main_lobby,entry,granted
EVT-002424,2026-08-25T17:28:00+08:00,B-06-02,B-06-02-RES-2,resident,main_lobby,entry,granted
EVT-000444,2026-08-25T17:29:00+08:00,A-04-01,A-04-01-RES-1,resident,main_lobby,entry,granted
EVT-002326,2026-08-25T17:30:00+08:00,B-06-01,B-06-01-RES-2,resident,main_lobby,entry,granted
EVT-002378,2026-08-25T17:40:00+08:00,B-06-02,B-06-02-RES-1,resident,main_lobby,entry,granted
EVT-000144,2026-08-25T17:42:00+08:00,A-02-02,A-02-02-RES-2,resident,main_lobby,entry,granted
EVT-002276,2026-08-25T17:49:00+08:00,B-06-01,B-06-01-RES-1,resident,main_lobby,entry,granted
EVT-000392,2026-08-25T17:54:00+08:00,A-03-02,A-03-02-RES-3,resident,main_lobby,entry,granted
EVT-001396,2026-08-25T18:05:00+08:00,B-02-01,B-02-01-RES-2,resident,main_lobby,entry,granted
EVT-000644,2026-08-25T18:23:00+08:00,A-05-01,A-05-01-RES-1,resident,main_lobby,entry,granted
EVT-000794,2026-08-25T18:29:00+08:00,A-05-02,A-05-02-RES-1,resident,main_lobby,entry,granted
EVT-002022,2026-08-25T18:30:00+08:00,B-04-02,B-04-02-RES-2,resident,main_lobby,entry,granted
EVT-002771,2026-08-25T18:35:00+08:00,B-06-02,B-06-02-ACT-01,access_card,main_lobby,entry,granted
EVT-002819,2026-08-25T18:44:00+08:00,B-06-02,B-06-02-ACT-04,access_card,main_lobby,exit,granted
EVT-000538,2026-08-25T18:47:00+08:00,A-04-01,A-04-01-RES-3,resident,main_lobby,entry,granted
EVT-000944,2026-08-25T18:49:00+08:00,A-06-01,A-06-01-RES-2,resident,main_lobby,entry,granted
EVT-000994,2026-08-25T18:55:00+08:00,A-06-01,A-06-01-RES-3,resident,main_lobby,entry,granted
EVT-000348,2026-08-25T19:07:00+08:00,A-03-02,A-03-02-RES-2,resident,main_lobby,entry,granted
EVT-002883,2026-08-25T19:12:00+08:00,B-06-02,B-06-02-ACT-08,access_card,main_lobby,exit,granted
EVT-001494,2026-08-25T19:19:00+08:00,B-02-02,B-02-02-RES-1,resident,main_lobby,entry,granted
EVT-002116,2026-08-25T19:23:00+08:00,B-05-01,B-05-01-RES-2,resident,main_lobby,entry,granted
EVT-002166,2026-08-25T19:30:00+08:00,B-05-02,B-05-02-RES-1,resident,main_lobby,entry,granted
EVT-000696,2026-08-25T19:34:00+08:00,A-05-01,A-05-01-RES-2,resident,main_lobby,entry,granted
EVT-001756,2026-08-25T19:39:00+08:00,B-03-02,B-03-02-RES-1,resident,main_lobby,entry,granted
EVT-001352,2026-08-25T19:40:00+08:00,B-02-01,B-02-01-RES-1,resident,main_lobby,entry,granted
EVT-002835,2026-08-25T19:41:00+08:00,B-06-02,B-06-02-ACT-05,access_card,main_lobby,entry,granted
EVT-002787,2026-08-25T19:44:00+08:00,B-06-02,B-06-02-ACT-02,access_card,main_lobby,exit,granted
EVT-001448,2026-08-25T19:45:00+08:00,B-02-01,B-02-01-RES-3,resident,main_lobby,entry,granted
EVT-002540,2026-08-25T19:59:00+08:00,B-07-01,B-07-01-RES-2,resident,main_lobby,entry,granted
EVT-002484,2026-08-25T20:08:00+08:00,B-07-01,B-07-01-RES-1,resident,main_lobby,entry,granted
EVT-002851,2026-08-25T20:10:00+08:00,B-06-02,B-06-02-ACT-06,access_card,main_lobby,exit,granted
EVT-000294,2026-08-25T20:21:00+08:00,A-03-02,A-03-02-RES-1,resident,main_lobby,entry,granted
EVT-001196,2026-08-25T20:36:00+08:00,A-07-01,A-07-01-RES-2,resident,main_lobby,entry,granted
EVT-002646,2026-08-25T20:38:00+08:00,B-07-02,B-07-02-RES-2,resident,main_lobby,entry,granted
EVT-001708,2026-08-25T20:41:00+08:00,B-03-01,B-03-01-RES-3,resident,main_lobby,entry,granted
EVT-001544,2026-08-25T20:56:00+08:00,B-02-02,B-02-02-RES-2,resident,main_lobby,entry,granted
EVT-000090,2026-08-25T21:02:00+08:00,A-02-02,A-02-02-RES-1,resident,main_lobby,entry,granted
EVT-002594,2026-08-25T21:15:00+08:00,B-07-02,B-07-02-RES-1,resident,main_lobby,entry,granted
EVT-001806,2026-08-25T22:03:00+08:00,B-04-01,B-04-01-RES-1,resident,main_lobby,entry,granted
EVT-001596,2026-08-25T22:06:00+08:00,B-03-01,B-03-01-RES-1,resident,main_lobby,entry,granted
EVT-000844,2026-08-25T22:13:00+08:00,A-05-02,A-05-02-RES-2,resident,main_lobby,entry,granted
EVT-002074,2026-08-25T22:15:00+08:00,B-05-01,B-05-01-RES-1,resident,main_lobby,entry,granted
EVT-001856,2026-08-25T22:21:00+08:00,B-04-01,B-04-01-RES-2,resident,main_lobby,entry,granted
EVT-000038,2026-08-25T22:31:00+08:00,A-02-01,A-02-01-RES-1,resident,main_lobby,entry,granted
EVT-001964,2026-08-25T22:46:00+08:00,B-04-02,B-04-02-RES-1,resident,main_lobby,entry,granted
EVT-001857,2026-08-26T07:03:00+08:00,B-04-01,B-04-01-RES-2,resident,main_lobby,exit,granted
EVT-000539,2026-08-26T07:05:00+08:00,A-04-01,A-04-01-RES-3,resident,main_lobby,exit,granted
EVT-000295,2026-08-26T07:16:00+08:00,A-03-02,A-03-02-RES-1,resident,main_lobby,exit,granted
EVT-001495,2026-08-26T07:25:00+08:00,B-02-02,B-02-02-RES-1,resident,main_lobby,exit,granted
EVT-002327,2026-08-26T07:35:00+08:00,B-06-01,B-06-01-RES-2,resident,main_lobby,exit,granted
EVT-001043,2026-08-26T07:41:00+08:00,A-06-02,A-06-02-RES-1,resident,main_lobby,exit,granted
EVT-002425,2026-08-26T07:56:00+08:00,B-06-02,B-06-02-RES-2,resident,main_lobby,exit,granted
EVT-001757,2026-08-26T07:59:00+08:00,B-03-02,B-03-02-RES-1,resident,main_lobby,exit,granted
EVT-000243,2026-08-26T08:04:00+08:00,A-03-01,A-03-01-RES-2,resident,main_lobby,exit,granted
EVT-000039,2026-08-26T08:08:00+08:00,A-02-01,A-02-01-RES-1,resident,main_lobby,exit,granted
EVT-000489,2026-08-26T08:37:00+08:00,A-04-01,A-04-01-RES-2,resident,main_lobby,exit,granted
EVT-000697,2026-08-26T08:53:00+08:00,A-05-01,A-05-01-RES-2,resident,main_lobby,exit,granted
EVT-001249,2026-08-26T09:05:00+08:00,A-07-02,A-07-02-RES-1,resident,main_lobby,exit,granted
EVT-001965,2026-08-26T09:05:00+08:00,B-04-02,B-04-02-RES-1,resident,main_lobby,exit,granted
EVT-000145,2026-08-26T09:17:00+08:00,A-02-02,A-02-02-RES-2,resident,main_lobby,exit,granted
EVT-001597,2026-08-26T09:17:00+08:00,B-03-01,B-03-01-RES-1,resident,main_lobby,exit,granted
EVT-002485,2026-08-26T09:21:00+08:00,B-07-01,B-07-01-RES-1,resident,main_lobby,exit,granted
EVT-002117,2026-08-26T09:22:00+08:00,B-05-01,B-05-01-RES-2,resident,main_lobby,exit,granted
EVT-000595,2026-08-26T09:29:00+08:00,A-04-02,A-04-02-RES-1,resident,main_lobby,exit,granted
EVT-001297,2026-08-26T09:40:00+08:00,A-07-02,A-07-02-RES-2,resident,main_lobby,exit,granted
EVT-002277,2026-08-26T09:43:00+08:00,B-06-01,B-06-01-RES-1,resident,main_lobby,exit,granted
EVT-002541,2026-08-26T09:49:00+08:00,B-07-01,B-07-01-RES-2,resident,main_lobby,exit,granted
EVT-000795,2026-08-26T10:15:00+08:00,A-05-02,A-05-02-RES-1,resident,main_lobby,exit,granted
EVT-000393,2026-08-26T10:20:00+08:00,A-03-02,A-03-02-RES-3,resident,main_lobby,exit,granted
EVT-000945,2026-08-26T10:23:00+08:00,A-06-01,A-06-01-RES-2,resident,main_lobby,exit,granted
EVT-002595,2026-08-26T10:24:00+08:00,B-07-02,B-07-02-RES-1,resident,main_lobby,exit,granted
EVT-000195,2026-08-26T10:28:00+08:00,A-03-01,A-03-01-RES-1,resident,main_lobby,exit,granted
EVT-000645,2026-08-26T10:29:00+08:00,A-05-01,A-05-01-RES-1,resident,main_lobby,exit,granted
EVT-001197,2026-08-26T10:35:00+08:00,A-07-01,A-07-01-RES-2,resident,main_lobby,exit,granted
EVT-000895,2026-08-26T10:41:00+08:00,A-06-01,A-06-01-RES-1,resident,main_lobby,exit,granted
EVT-000091,2026-08-26T10:42:00+08:00,A-02-02,A-02-02-RES-1,resident,main_lobby,exit,granted
EVT-002219,2026-08-26T10:44:00+08:00,B-05-02,B-05-02-RES-2,resident,main_lobby,exit,granted
EVT-002167,2026-08-26T10:48:00+08:00,B-05-02,B-05-02-RES-1,resident,main_lobby,exit,granted
EVT-002647,2026-08-26T10:54:00+08:00,B-07-02,B-07-02-RES-2,resident,main_lobby,exit,granted
EVT-000845,2026-08-26T10:55:00+08:00,A-05-02,A-05-02-RES-2,resident,main_lobby,exit,granted
EVT-002379,2026-08-26T10:56:00+08:00,B-06-02,B-06-02-RES-1,resident,main_lobby,exit,granted
EVT-002596,2026-08-26T17:21:00+08:00,B-07-02,B-07-02-RES-1,resident,main_lobby,entry,granted
EVT-002118,2026-08-26T17:26:00+08:00,B-05-01,B-05-01-RES-2,resident,main_lobby,entry,granted
EVT-002380,2026-08-26T17:35:00+08:00,B-06-02,B-06-02-RES-1,resident,main_lobby,entry,granted
EVT-000146,2026-08-26T17:49:00+08:00,A-02-02,A-02-02-RES-2,resident,main_lobby,entry,granted
EVT-000796,2026-08-26T18:06:00+08:00,A-05-02,A-05-02-RES-1,resident,main_lobby,entry,granted
EVT-001966,2026-08-26T18:28:00+08:00,B-04-02,B-04-02-RES-1,resident,main_lobby,entry,granted
EVT-002426,2026-08-26T18:33:00+08:00,B-06-02,B-06-02-RES-2,resident,main_lobby,entry,granted
EVT-001858,2026-08-26T18:50:00+08:00,B-04-01,B-04-01-RES-2,resident,main_lobby,entry,granted
EVT-000490,2026-08-26T19:01:00+08:00,A-04-01,A-04-01-RES-2,resident,main_lobby,entry,granted
EVT-002542,2026-08-26T19:09:00+08:00,B-07-01,B-07-01-RES-2,resident,main_lobby,entry,granted
EVT-000896,2026-08-26T19:45:00+08:00,A-06-01,A-06-01-RES-1,resident,main_lobby,entry,granted
EVT-000196,2026-08-26T19:48:00+08:00,A-03-01,A-03-01-RES-1,resident,main_lobby,entry,granted
EVT-000646,2026-08-26T19:49:00+08:00,A-05-01,A-05-01-RES-1,resident,main_lobby,entry,granted
EVT-000596,2026-08-26T20:02:00+08:00,A-04-02,A-04-02-RES-1,resident,main_lobby,entry,granted
EVT-000296,2026-08-26T20:07:00+08:00,A-03-02,A-03-02-RES-1,resident,main_lobby,entry,granted
EVT-001758,2026-08-26T20:13:00+08:00,B-03-02,B-03-02-RES-1,resident,main_lobby,entry,granted
EVT-002328,2026-08-26T20:16:00+08:00,B-06-01,B-06-01-RES-2,resident,main_lobby,entry,granted
EVT-002168,2026-08-26T20:19:00+08:00,B-05-02,B-05-02-RES-1,resident,main_lobby,entry,granted
EVT-000946,2026-08-26T20:28:00+08:00,A-06-01,A-06-01-RES-2,resident,main_lobby,entry,granted
EVT-002278,2026-08-26T20:44:00+08:00,B-06-01,B-06-01-RES-1,resident,main_lobby,entry,granted
EVT-001198,2026-08-26T21:07:00+08:00,A-07-01,A-07-01-RES-2,resident,main_lobby,entry,granted
EVT-002220,2026-08-26T21:09:00+08:00,B-05-02,B-05-02-RES-2,resident,main_lobby,entry,granted
EVT-002486,2026-08-26T21:26:00+08:00,B-07-01,B-07-01-RES-1,resident,main_lobby,entry,granted
EVT-001496,2026-08-26T21:35:00+08:00,B-02-02,B-02-02-RES-1,resident,main_lobby,entry,granted
EVT-000092,2026-08-26T21:36:00+08:00,A-02-02,A-02-02-RES-1,resident,main_lobby,entry,granted
EVT-000244,2026-08-26T21:44:00+08:00,A-03-01,A-03-01-RES-2,resident,main_lobby,entry,granted
EVT-002648,2026-08-26T22:15:00+08:00,B-07-02,B-07-02-RES-2,resident,main_lobby,entry,granted
EVT-001598,2026-08-26T22:20:00+08:00,B-03-01,B-03-01-RES-1,resident,main_lobby,entry,granted
EVT-001250,2026-08-26T22:23:00+08:00,A-07-02,A-07-02-RES-1,resident,main_lobby,entry,granted
EVT-000698,2026-08-26T22:29:00+08:00,A-05-01,A-05-01-RES-2,resident,main_lobby,entry,granted
EVT-000040,2026-08-26T22:30:00+08:00,A-02-01,A-02-01-RES-1,resident,main_lobby,entry,granted
EVT-001298,2026-08-26T22:32:00+08:00,A-07-02,A-07-02-RES-2,resident,main_lobby,entry,granted
EVT-000540,2026-08-26T22:33:00+08:00,A-04-01,A-04-01-RES-3,resident,main_lobby,entry,granted
EVT-000394,2026-08-26T22:45:00+08:00,A-03-02,A-03-02-RES-3,resident,main_lobby,entry,granted
EVT-000846,2026-08-26T22:46:00+08:00,A-05-02,A-05-02-RES-2,resident,main_lobby,entry,granted
EVT-001044,2026-08-26T22:48:00+08:00,A-06-02,A-06-02-RES-1,resident,main_lobby,entry,granted
EVT-002703,2026-08-26T22:53:00+08:00,A-05-02,A-05-02-TEMP-08,visitor_card,main_lobby,entry,granted
EVT-002704,2026-08-27T02:53:00+08:00,A-05-02,A-05-02-TEMP-08,visitor_card,main_lobby,exit,granted
EVT-002820,2026-08-27T06:40:00+08:00,B-06-02,B-06-02-ACT-04,access_card,main_lobby,exit,granted
EVT-000491,2026-08-27T07:08:00+08:00,A-04-01,A-04-01-RES-2,resident,main_lobby,exit,granted
EVT-002279,2026-08-27T07:10:00+08:00,B-06-01,B-06-01-RES-1,resident,main_lobby,exit,granted
EVT-000995,2026-08-27T07:13:00+08:00,A-06-01,A-06-01-RES-3,resident,main_lobby,exit,granted
EVT-002221,2026-08-27T07:15:00+08:00,B-05-02,B-05-02-RES-2,resident,main_lobby,exit,granted
EVT-002023,2026-08-27T07:16:00+08:00,B-04-02,B-04-02-RES-2,resident,main_lobby,exit,granted
EVT-001449,2026-08-27T07:21:00+08:00,B-02-01,B-02-01-RES-3,resident,main_lobby,exit,granted
EVT-002427,2026-08-27T07:35:00+08:00,B-06-02,B-06-02-RES-2,resident,main_lobby,exit,granted
EVT-001859,2026-08-27T07:36:00+08:00,B-04-01,B-04-01-RES-2,resident,main_lobby,exit,granted
EVT-000349,2026-08-27T07:42:00+08:00,A-03-02,A-03-02-RES-2,resident,main_lobby,exit,granted
EVT-001913,2026-08-27T07:46:00+08:00,B-04-01,B-04-01-RES-3,resident,main_lobby,exit,granted
EVT-001545,2026-08-27T07:47:00+08:00,B-02-02,B-02-02-RES-2,resident,main_lobby,exit,granted
EVT-002884,2026-08-27T07:49:00+08:00,B-06-02,B-06-02-ACT-08,access_card,main_lobby,entry,granted
EVT-002543,2026-08-27T07:52:00+08:00,B-07-01,B-07-01-RES-2,resident,main_lobby,exit,granted
EVT-002852,2026-08-27T07:59:00+08:00,B-06-02,B-06-02-ACT-06,access_card,main_lobby,entry,granted
EVT-000847,2026-08-27T08:33:00+08:00,A-05-02,A-05-02-RES-2,resident,main_lobby,exit,granted
EVT-002119,2026-08-27T08:36:00+08:00,B-05-01,B-05-01-RES-2,resident,main_lobby,exit,granted
EVT-002487,2026-08-27T08:39:00+08:00,B-07-01,B-07-01-RES-1,resident,main_lobby,exit,granted
EVT-001709,2026-08-27T08:44:00+08:00,B-03-01,B-03-01-RES-3,resident,main_lobby,exit,granted
EVT-001759,2026-08-27T08:45:00+08:00,B-03-02,B-03-02-RES-1,resident,main_lobby,exit,granted
EVT-002075,2026-08-27T08:53:00+08:00,B-05-01,B-05-01-RES-1,resident,main_lobby,exit,granted
EVT-000445,2026-08-27T08:55:00+08:00,A-04-01,A-04-01-RES-1,resident,main_lobby,exit,granted
EVT-000597,2026-08-27T09:04:00+08:00,A-04-02,A-04-02-RES-1,resident,main_lobby,exit,granted
EVT-000093,2026-08-27T09:13:00+08:00,A-02-02,A-02-02-RES-1,resident,main_lobby,exit,granted
EVT-001141,2026-08-27T09:19:00+08:00,A-07-01,A-07-01-RES-1,resident,main_lobby,exit,granted
EVT-002649,2026-08-27T09:26:00+08:00,B-07-02,B-07-02-RES-2,resident,main_lobby,exit,granted
EVT-001653,2026-08-27T09:27:00+08:00,B-03-01,B-03-01-RES-2,resident,main_lobby,exit,granted
EVT-001807,2026-08-27T09:35:00+08:00,B-04-01,B-04-01-RES-1,resident,main_lobby,exit,granted
EVT-001251,2026-08-27T09:42:00+08:00,A-07-02,A-07-02-RES-1,resident,main_lobby,exit,granted
EVT-000197,2026-08-27T09:49:00+08:00,A-03-01,A-03-01-RES-1,resident,main_lobby,exit,granted
EVT-001199,2026-08-27T09:49:00+08:00,A-07-01,A-07-01-RES-2,resident,main_lobby,exit,granted
EVT-000897,2026-08-27T09:50:00+08:00,A-06-01,A-06-01-RES-1,resident,main_lobby,exit,granted
EVT-000745,2026-08-27T10:05:00+08:00,A-05-01,A-05-01-RES-3,resident,main_lobby,exit,granted
EVT-000647,2026-08-27T10:10:00+08:00,A-05-01,A-05-01-RES-1,resident,main_lobby,exit,granted
EVT-001045,2026-08-27T10:24:00+08:00,A-06-02,A-06-02-RES-1,resident,main_lobby,exit,granted
EVT-000541,2026-08-27T10:29:00+08:00,A-04-01,A-04-01-RES-3,resident,main_lobby,exit,granted
EVT-000147,2026-08-27T10:43:00+08:00,A-02-02,A-02-02-RES-2,resident,main_lobby,exit,granted
EVT-001299,2026-08-27T10:44:00+08:00,A-07-02,A-07-02-RES-2,resident,main_lobby,exit,granted
EVT-002329,2026-08-27T10:49:00+08:00,B-06-01,B-06-01-RES-2,resident,main_lobby,exit,granted
EVT-002597,2026-08-27T10:50:00+08:00,B-07-02,B-07-02-RES-1,resident,main_lobby,exit,granted
EVT-002169,2026-08-27T10:51:00+08:00,B-05-02,B-05-02-RES-1,resident,main_lobby,exit,granted
EVT-000797,2026-08-27T10:55:00+08:00,A-05-02,A-05-02-RES-1,resident,main_lobby,exit,granted
EVT-001967,2026-08-27T10:55:00+08:00,B-04-02,B-04-02-RES-1,resident,main_lobby,exit,granted
EVT-001808,2026-08-27T17:00:00+08:00,B-04-01,B-04-01-RES-1,resident,main_lobby,entry,granted
EVT-002488,2026-08-27T17:06:00+08:00,B-07-01,B-07-01-RES-1,resident,main_lobby,entry,granted
EVT-001914,2026-08-27T17:57:00+08:00,B-04-01,B-04-01-RES-3,resident,main_lobby,entry,granted
EVT-002804,2026-08-27T18:09:00+08:00,B-06-02,B-06-02-ACT-03,access_card,main_lobby,exit,granted
EVT-002788,2026-08-27T18:10:00+08:00,B-06-02,B-06-02-ACT-02,access_card,main_lobby,entry,granted
EVT-002024,2026-08-27T18:23:00+08:00,B-04-02,B-04-02-RES-2,resident,main_lobby,entry,granted
EVT-002222,2026-08-27T18:31:00+08:00,B-05-02,B-05-02-RES-2,resident,main_lobby,entry,granted
EVT-000848,2026-08-27T18:35:00+08:00,A-05-02,A-05-02-RES-2,resident,main_lobby,entry,granted
EVT-002280,2026-08-27T18:35:00+08:00,B-06-01,B-06-01-RES-1,resident,main_lobby,entry,granted
EVT-000996,2026-08-27T18:47:00+08:00,A-06-01,A-06-01-RES-3,resident,main_lobby,entry,granted
EVT-000648,2026-08-27T18:51:00+08:00,A-05-01,A-05-01-RES-1,resident,main_lobby,entry,granted
EVT-002076,2026-08-27T18:53:00+08:00,B-05-01,B-05-01-RES-1,resident,main_lobby,entry,granted
EVT-001860,2026-08-27T18:58:00+08:00,B-04-01,B-04-01-RES-2,resident,main_lobby,entry,granted
EVT-001760,2026-08-27T19:06:00+08:00,B-03-02,B-03-02-RES-1,resident,main_lobby,entry,granted
EVT-000542,2026-08-27T19:10:00+08:00,A-04-01,A-04-01-RES-3,resident,main_lobby,entry,granted
EVT-001450,2026-08-27T19:20:00+08:00,B-02-01,B-02-01-RES-3,resident,main_lobby,entry,granted
EVT-001142,2026-08-27T19:29:00+08:00,A-07-01,A-07-01-RES-1,resident,main_lobby,entry,granted
EVT-000898,2026-08-27T19:36:00+08:00,A-06-01,A-06-01-RES-1,resident,main_lobby,entry,granted
EVT-002170,2026-08-27T19:38:00+08:00,B-05-02,B-05-02-RES-1,resident,main_lobby,entry,granted
EVT-002836,2026-08-27T19:58:00+08:00,B-06-02,B-06-02-ACT-05,access_card,main_lobby,entry,granted
EVT-001300,2026-08-27T20:05:00+08:00,A-07-02,A-07-02-RES-2,resident,main_lobby,entry,granted
EVT-001968,2026-08-27T20:10:00+08:00,B-04-02,B-04-02-RES-1,resident,main_lobby,entry,granted
EVT-002868,2026-08-27T20:23:00+08:00,B-06-02,B-06-02-ACT-07,access_card,main_lobby,entry,granted
EVT-002428,2026-08-27T20:33:00+08:00,B-06-02,B-06-02-RES-2,resident,main_lobby,entry,granted
EVT-001046,2026-08-27T20:35:00+08:00,A-06-02,A-06-02-RES-1,resident,main_lobby,entry,granted
EVT-002598,2026-08-27T20:36:00+08:00,B-07-02,B-07-02-RES-1,resident,main_lobby,entry,granted
EVT-001546,2026-08-27T20:58:00+08:00,B-02-02,B-02-02-RES-2,resident,main_lobby,entry,granted
EVT-000148,2026-08-27T21:21:00+08:00,A-02-02,A-02-02-RES-2,resident,main_lobby,entry,granted
EVT-000798,2026-08-27T21:26:00+08:00,A-05-02,A-05-02-RES-1,resident,main_lobby,entry,granted
EVT-000350,2026-08-27T21:29:00+08:00,A-03-02,A-03-02-RES-2,resident,main_lobby,entry,granted
EVT-000198,2026-08-27T21:31:00+08:00,A-03-01,A-03-01-RES-1,resident,main_lobby,entry,granted
EVT-002650,2026-08-27T21:36:00+08:00,B-07-02,B-07-02-RES-2,resident,main_lobby,entry,granted
EVT-002120,2026-08-27T21:41:00+08:00,B-05-01,B-05-01-RES-2,resident,main_lobby,entry,granted
EVT-002544,2026-08-27T21:43:00+08:00,B-07-01,B-07-01-RES-2,resident,main_lobby,entry,granted
EVT-001200,2026-08-27T21:52:00+08:00,A-07-01,A-07-01-RES-2,resident,main_lobby,entry,granted
EVT-002772,2026-08-27T22:00:00+08:00,B-06-02,B-06-02-ACT-01,access_card,main_lobby,entry,granted
EVT-001710,2026-08-27T22:03:00+08:00,B-03-01,B-03-01-RES-3,resident,main_lobby,entry,granted
EVT-001654,2026-08-27T22:08:00+08:00,B-03-01,B-03-01-RES-2,resident,main_lobby,entry,granted
EVT-002330,2026-08-27T22:08:00+08:00,B-06-01,B-06-01-RES-2,resident,main_lobby,entry,granted
EVT-001252,2026-08-27T22:10:00+08:00,A-07-02,A-07-02-RES-1,resident,main_lobby,entry,granted
EVT-000492,2026-08-27T22:26:00+08:00,A-04-01,A-04-01-RES-2,resident,main_lobby,entry,granted
EVT-000094,2026-08-27T22:45:00+08:00,A-02-02,A-02-02-RES-1,resident,main_lobby,entry,granted
EVT-000446,2026-08-27T22:46:00+08:00,A-04-01,A-04-01-RES-1,resident,main_lobby,entry,granted
EVT-000746,2026-08-27T22:54:00+08:00,A-05-01,A-05-01-RES-3,resident,main_lobby,entry,granted
EVT-000598,2026-08-27T22:55:00+08:00,A-04-02,A-04-02-RES-1,resident,main_lobby,entry,granted
EVT-002429,2026-08-28T07:12:00+08:00,B-06-02,B-06-02-RES-2,resident,main_lobby,exit,granted
EVT-001397,2026-08-28T07:29:00+08:00,B-02-01,B-02-01-RES-2,resident,main_lobby,exit,granted
EVT-000493,2026-08-28T07:30:00+08:00,A-04-01,A-04-01-RES-2,resident,main_lobby,exit,granted
EVT-002489,2026-08-28T07:30:00+08:00,B-07-01,B-07-01-RES-1,resident,main_lobby,exit,granted
EVT-002171,2026-08-28T07:35:00+08:00,B-05-02,B-05-02-RES-1,resident,main_lobby,exit,granted
EVT-000297,2026-08-28T07:36:00+08:00,A-03-02,A-03-02-RES-1,resident,main_lobby,exit,granted
EVT-002651,2026-08-28T07:36:00+08:00,B-07-02,B-07-02-RES-2,resident,main_lobby,exit,granted
EVT-000395,2026-08-28T07:39:00+08:00,A-03-02,A-03-02-RES-3,resident,main_lobby,exit,granted
EVT-001047,2026-08-28T07:44:00+08:00,A-06-02,A-06-02-RES-1,resident,main_lobby,exit,granted
EVT-002025,2026-08-28T07:46:00+08:00,B-04-02,B-04-02-RES-2,resident,main_lobby,exit,granted
EVT-001915,2026-08-28T07:52:00+08:00,B-04-01,B-04-01-RES-3,resident,main_lobby,exit,granted
EVT-001761,2026-08-28T07:59:00+08:00,B-03-02,B-03-02-RES-1,resident,main_lobby,exit,granted
EVT-000899,2026-08-28T08:11:00+08:00,A-06-01,A-06-01-RES-1,resident,main_lobby,exit,granted
EVT-002599,2026-08-28T08:11:00+08:00,B-07-02,B-07-02-RES-1,resident,main_lobby,exit,granted
EVT-001301,2026-08-28T08:17:00+08:00,A-07-02,A-07-02-RES-2,resident,main_lobby,exit,granted
EVT-000351,2026-08-28T08:33:00+08:00,A-03-02,A-03-02-RES-2,resident,main_lobby,exit,granted
EVT-001809,2026-08-28T08:39:00+08:00,B-04-01,B-04-01-RES-1,resident,main_lobby,exit,granted
EVT-001091,2026-08-28T08:43:00+08:00,A-06-02,A-06-02-RES-2,resident,main_lobby,exit,granted
EVT-001451,2026-08-28T08:46:00+08:00,B-02-01,B-02-01-RES-3,resident,main_lobby,exit,granted
EVT-002077,2026-08-28T08:49:00+08:00,B-05-01,B-05-01-RES-1,resident,main_lobby,exit,granted
EVT-002121,2026-08-28T08:49:00+08:00,B-05-01,B-05-01-RES-2,resident,main_lobby,exit,granted
EVT-000699,2026-08-28T08:51:00+08:00,A-05-01,A-05-01-RES-2,resident,main_lobby,exit,granted
EVT-000799,2026-08-28T08:52:00+08:00,A-05-02,A-05-02-RES-1,resident,main_lobby,exit,granted
EVT-001497,2026-08-28T09:00:00+08:00,B-02-02,B-02-02-RES-1,resident,main_lobby,exit,granted
EVT-001547,2026-08-28T09:01:00+08:00,B-02-02,B-02-02-RES-2,resident,main_lobby,exit,granted
EVT-000649,2026-08-28T09:03:00+08:00,A-05-01,A-05-01-RES-1,resident,main_lobby,exit,granted
EVT-001599,2026-08-28T09:12:00+08:00,B-03-01,B-03-01-RES-1,resident,main_lobby,exit,granted
EVT-000095,2026-08-28T09:25:00+08:00,A-02-02,A-02-02-RES-1,resident,main_lobby,exit,granted
EVT-000199,2026-08-28T09:28:00+08:00,A-03-01,A-03-01-RES-1,resident,main_lobby,exit,granted
EVT-002281,2026-08-28T09:42:00+08:00,B-06-01,B-06-01-RES-1,resident,main_lobby,exit,granted
EVT-001253,2026-08-28T09:46:00+08:00,A-07-02,A-07-02-RES-1,resident,main_lobby,exit,granted
EVT-000543,2026-08-28T09:49:00+08:00,A-04-01,A-04-01-RES-3,resident,main_lobby,exit,granted
EVT-000245,2026-08-28T09:54:00+08:00,A-03-01,A-03-01-RES-2,resident,main_lobby,exit,granted
EVT-002381,2026-08-28T09:57:00+08:00,B-06-02,B-06-02-RES-1,resident,main_lobby,exit,granted
EVT-002223,2026-08-28T09:59:00+08:00,B-05-02,B-05-02-RES-2,resident,main_lobby,exit,granted
EVT-000041,2026-08-28T10:13:00+08:00,A-02-01,A-02-01-RES-1,resident,main_lobby,exit,granted
EVT-001143,2026-08-28T10:22:00+08:00,A-07-01,A-07-01-RES-1,resident,main_lobby,exit,granted
EVT-001655,2026-08-28T10:22:00+08:00,B-03-01,B-03-01-RES-2,resident,main_lobby,exit,granted
EVT-001861,2026-08-28T10:28:00+08:00,B-04-01,B-04-01-RES-2,resident,main_lobby,exit,granted
EVT-000849,2026-08-28T10:33:00+08:00,A-05-02,A-05-02-RES-2,resident,main_lobby,exit,granted
EVT-002331,2026-08-28T10:35:00+08:00,B-06-01,B-06-01-RES-2,resident,main_lobby,exit,granted
EVT-001969,2026-08-28T10:38:00+08:00,B-04-02,B-04-02-RES-1,resident,main_lobby,exit,granted
EVT-000447,2026-08-28T10:54:00+08:00,A-04-01,A-04-01-RES-1,resident,main_lobby,exit,granted
EVT-000997,2026-08-28T10:58:00+08:00,A-06-01,A-06-01-RES-3,resident,main_lobby,exit,granted
EVT-002078,2026-08-28T17:07:00+08:00,B-05-01,B-05-01-RES-1,resident,main_lobby,entry,granted
EVT-001398,2026-08-28T17:10:00+08:00,B-02-01,B-02-01-RES-2,resident,main_lobby,entry,granted
EVT-000396,2026-08-28T17:15:00+08:00,A-03-02,A-03-02-RES-3,resident,main_lobby,entry,granted
EVT-001302,2026-08-28T17:19:00+08:00,A-07-02,A-07-02-RES-2,resident,main_lobby,entry,granted
EVT-000200,2026-08-28T17:45:00+08:00,A-03-01,A-03-01-RES-1,resident,main_lobby,entry,granted
EVT-000700,2026-08-28T18:04:00+08:00,A-05-01,A-05-01-RES-2,resident,main_lobby,entry,granted
EVT-001048,2026-08-28T18:05:00+08:00,A-06-02,A-06-02-RES-1,resident,main_lobby,entry,granted
EVT-001656,2026-08-28T18:10:00+08:00,B-03-01,B-03-01-RES-2,resident,main_lobby,entry,granted
EVT-002332,2026-08-28T18:31:00+08:00,B-06-01,B-06-01-RES-2,resident,main_lobby,entry,granted
EVT-001600,2026-08-28T18:33:00+08:00,B-03-01,B-03-01-RES-1,resident,main_lobby,entry,granted
EVT-002282,2026-08-28T18:34:00+08:00,B-06-01,B-06-01-RES-1,resident,main_lobby,entry,granted
EVT-000096,2026-08-28T18:42:00+08:00,A-02-02,A-02-02-RES-1,resident,main_lobby,entry,granted
EVT-000998,2026-08-28T18:44:00+08:00,A-06-01,A-06-01-RES-3,resident,main_lobby,entry,granted
EVT-001970,2026-08-28T18:50:00+08:00,B-04-02,B-04-02-RES-1,resident,main_lobby,entry,granted
EVT-002172,2026-08-28T19:12:00+08:00,B-05-02,B-05-02-RES-1,resident,main_lobby,entry,granted
EVT-002122,2026-08-28T19:22:00+08:00,B-05-01,B-05-01-RES-2,resident,main_lobby,entry,granted
EVT-002430,2026-08-28T19:28:00+08:00,B-06-02,B-06-02-RES-2,resident,main_lobby,entry,granted
EVT-000352,2026-08-28T19:39:00+08:00,A-03-02,A-03-02-RES-2,resident,main_lobby,entry,granted
EVT-001548,2026-08-28T19:52:00+08:00,B-02-02,B-02-02-RES-2,resident,main_lobby,entry,granted
EVT-000800,2026-08-28T19:59:00+08:00,A-05-02,A-05-02-RES-1,resident,main_lobby,entry,granted
EVT-001498,2026-08-28T20:05:00+08:00,B-02-02,B-02-02-RES-1,resident,main_lobby,entry,granted
EVT-001144,2026-08-28T20:06:00+08:00,A-07-01,A-07-01-RES-1,resident,main_lobby,entry,granted
EVT-001092,2026-08-28T20:10:00+08:00,A-06-02,A-06-02-RES-2,resident,main_lobby,entry,granted
EVT-000850,2026-08-28T20:20:00+08:00,A-05-02,A-05-02-RES-2,resident,main_lobby,entry,granted
EVT-002382,2026-08-28T20:42:00+08:00,B-06-02,B-06-02-RES-1,resident,main_lobby,entry,granted
EVT-002652,2026-08-28T20:45:00+08:00,B-07-02,B-07-02-RES-2,resident,main_lobby,entry,granted
EVT-000494,2026-08-28T20:49:00+08:00,A-04-01,A-04-01-RES-2,resident,main_lobby,entry,granted
EVT-001452,2026-08-28T20:50:00+08:00,B-02-01,B-02-01-RES-3,resident,main_lobby,entry,granted
EVT-001810,2026-08-28T20:53:00+08:00,B-04-01,B-04-01-RES-1,resident,main_lobby,entry,granted
EVT-002026,2026-08-28T20:59:00+08:00,B-04-02,B-04-02-RES-2,resident,main_lobby,entry,granted
EVT-000448,2026-08-28T21:23:00+08:00,A-04-01,A-04-01-RES-1,resident,main_lobby,entry,granted
EVT-001916,2026-08-28T21:37:00+08:00,B-04-01,B-04-01-RES-3,resident,main_lobby,entry,granted
EVT-000544,2026-08-28T21:38:00+08:00,A-04-01,A-04-01-RES-3,resident,main_lobby,entry,granted
EVT-000042,2026-08-28T21:48:00+08:00,A-02-01,A-02-01-RES-1,resident,main_lobby,entry,granted
EVT-000900,2026-08-28T21:54:00+08:00,A-06-01,A-06-01-RES-1,resident,main_lobby,entry,granted
EVT-002224,2026-08-28T22:03:00+08:00,B-05-02,B-05-02-RES-2,resident,main_lobby,entry,granted
EVT-001862,2026-08-28T22:25:00+08:00,B-04-01,B-04-01-RES-2,resident,main_lobby,entry,granted
EVT-000650,2026-08-28T22:30:00+08:00,A-05-01,A-05-01-RES-1,resident,main_lobby,entry,granted
EVT-000246,2026-08-28T22:38:00+08:00,A-03-01,A-03-01-RES-2,resident,main_lobby,entry,granted
EVT-002600,2026-08-28T22:42:00+08:00,B-07-02,B-07-02-RES-1,resident,main_lobby,entry,granted
EVT-000298,2026-08-28T22:43:00+08:00,A-03-02,A-03-02-RES-1,resident,main_lobby,entry,granted
EVT-002490,2026-08-28T22:44:00+08:00,B-07-01,B-07-01-RES-1,resident,main_lobby,entry,granted
EVT-001254,2026-08-28T22:48:00+08:00,A-07-02,A-07-02-RES-1,resident,main_lobby,entry,granted
EVT-001762,2026-08-28T22:53:00+08:00,B-03-02,B-03-02-RES-1,resident,main_lobby,entry,granted
EVT-002773,2026-08-29T06:26:00+08:00,B-06-02,B-06-02-ACT-01,access_card,main_lobby,entry,granted
EVT-002853,2026-08-29T07:06:00+08:00,B-06-02,B-06-02-ACT-06,access_card,main_lobby,exit,granted
EVT-000545,2026-08-29T07:09:00+08:00,A-04-01,A-04-01-RES-3,resident,main_lobby,exit,granted
EVT-000247,2026-08-29T07:22:00+08:00,A-03-01,A-03-01-RES-2,resident,main_lobby,exit,granted
EVT-001863,2026-08-29T07:24:00+08:00,B-04-01,B-04-01-RES-2,resident,main_lobby,exit,granted
EVT-000495,2026-08-29T07:28:00+08:00,A-04-01,A-04-01-RES-2,resident,main_lobby,exit,granted
EVT-002545,2026-08-29T07:29:00+08:00,B-07-01,B-07-01-RES-2,resident,main_lobby,exit,granted
EVT-000747,2026-08-29T07:35:00+08:00,A-05-01,A-05-01-RES-3,resident,main_lobby,exit,granted
EVT-002837,2026-08-29T07:44:00+08:00,B-06-02,B-06-02-ACT-05,access_card,main_lobby,entry,granted
EVT-001255,2026-08-29T07:45:00+08:00,A-07-02,A-07-02-RES-1,resident,main_lobby,exit,granted
EVT-001201,2026-08-29T07:48:00+08:00,A-07-01,A-07-01-RES-2,resident,main_lobby,exit,granted
EVT-001763,2026-08-29T07:49:00+08:00,B-03-02,B-03-02-RES-1,resident,main_lobby,exit,granted
EVT-001601,2026-08-29T07:51:00+08:00,B-03-01,B-03-01-RES-1,resident,main_lobby,exit,granted
EVT-000999,2026-08-29T08:25:00+08:00,A-06-01,A-06-01-RES-3,resident,main_lobby,exit,granted
EVT-002333,2026-08-29T08:35:00+08:00,B-06-01,B-06-01-RES-2,resident,main_lobby,exit,granted
EVT-001971,2026-08-29T08:39:00+08:00,B-04-02,B-04-02-RES-1,resident,main_lobby,exit,granted
EVT-000947,2026-08-29T08:41:00+08:00,A-06-01,A-06-01-RES-2,resident,main_lobby,exit,granted
EVT-002225,2026-08-29T08:44:00+08:00,B-05-02,B-05-02-RES-2,resident,main_lobby,exit,granted
EVT-000043,2026-08-29T08:45:00+08:00,A-02-01,A-02-01-RES-1,resident,main_lobby,exit,granted
EVT-000299,2026-08-29T08:51:00+08:00,A-03-02,A-03-02-RES-1,resident,main_lobby,exit,granted
EVT-001303,2026-08-29T08:51:00+08:00,A-07-02,A-07-02-RES-2,resident,main_lobby,exit,granted
EVT-001917,2026-08-29T08:58:00+08:00,B-04-01,B-04-01-RES-3,resident,main_lobby,exit,granted
EVT-000149,2026-08-29T09:11:00+08:00,A-02-02,A-02-02-RES-2,resident,main_lobby,exit,granted
EVT-000801,2026-08-29T09:12:00+08:00,A-05-02,A-05-02-RES-1,resident,main_lobby,exit,granted
EVT-000397,2026-08-29T09:14:00+08:00,A-03-02,A-03-02-RES-3,resident,main_lobby,exit,granted
EVT-001093,2026-08-29T09:17:00+08:00,A-06-02,A-06-02-RES-2,resident,main_lobby,exit,granted
EVT-001549,2026-08-29T09:17:00+08:00,B-02-02,B-02-02-RES-2,resident,main_lobby,exit,granted
EVT-000201,2026-08-29T09:21:00+08:00,A-03-01,A-03-01-RES-1,resident,main_lobby,exit,granted
EVT-002491,2026-08-29T09:27:00+08:00,B-07-01,B-07-01-RES-1,resident,main_lobby,exit,granted
EVT-001811,2026-08-29T09:48:00+08:00,B-04-01,B-04-01-RES-1,resident,main_lobby,exit,granted
EVT-002431,2026-08-29T09:49:00+08:00,B-06-02,B-06-02-RES-2,resident,main_lobby,exit,granted
EVT-000449,2026-08-29T10:00:00+08:00,A-04-01,A-04-01-RES-1,resident,main_lobby,exit,granted
EVT-000701,2026-08-29T10:02:00+08:00,A-05-01,A-05-01-RES-2,resident,main_lobby,exit,granted
EVT-002601,2026-08-29T10:07:00+08:00,B-07-02,B-07-02-RES-1,resident,main_lobby,exit,granted
EVT-001499,2026-08-29T10:12:00+08:00,B-02-02,B-02-02-RES-1,resident,main_lobby,exit,granted
EVT-000097,2026-08-29T10:20:00+08:00,A-02-02,A-02-02-RES-1,resident,main_lobby,exit,granted
EVT-001145,2026-08-29T10:20:00+08:00,A-07-01,A-07-01-RES-1,resident,main_lobby,exit,granted
EVT-002173,2026-08-29T10:25:00+08:00,B-05-02,B-05-02-RES-1,resident,main_lobby,exit,granted
EVT-000599,2026-08-29T10:29:00+08:00,A-04-02,A-04-02-RES-1,resident,main_lobby,exit,granted
EVT-002383,2026-08-29T10:33:00+08:00,B-06-02,B-06-02-RES-1,resident,main_lobby,exit,granted
EVT-001049,2026-08-29T10:41:00+08:00,A-06-02,A-06-02-RES-1,resident,main_lobby,exit,granted
EVT-001453,2026-08-29T10:41:00+08:00,B-02-01,B-02-01-RES-3,resident,main_lobby,exit,granted
EVT-002653,2026-08-29T10:44:00+08:00,B-07-02,B-07-02-RES-2,resident,main_lobby,exit,granted
EVT-000353,2026-08-29T10:48:00+08:00,A-03-02,A-03-02-RES-2,resident,main_lobby,exit,granted
EVT-002123,2026-08-29T10:49:00+08:00,B-05-01,B-05-01-RES-2,resident,main_lobby,exit,granted
EVT-000901,2026-08-29T10:52:00+08:00,A-06-01,A-06-01-RES-1,resident,main_lobby,exit,granted
EVT-001353,2026-08-29T10:54:00+08:00,B-02-01,B-02-01-RES-1,resident,main_lobby,exit,granted
EVT-002749,2026-08-29T15:00:00+08:00,B-04-01,B-04-01-WK-29-1,visitor_qr,main_lobby,entry,granted
EVT-002751,2026-08-29T15:20:00+08:00,B-04-01,B-04-01-WK-29-2,visitor_qr,main_lobby,entry,granted
EVT-002753,2026-08-29T15:40:00+08:00,B-04-01,B-04-01-WK-29-3,visitor_qr,main_lobby,entry,granted
EVT-000098,2026-08-29T17:00:00+08:00,A-02-02,A-02-02-RES-1,resident,main_lobby,entry,granted
EVT-001256,2026-08-29T17:00:00+08:00,A-07-02,A-07-02-RES-1,resident,main_lobby,entry,granted
EVT-001500,2026-08-29T17:01:00+08:00,B-02-02,B-02-02-RES-1,resident,main_lobby,entry,granted
EVT-002654,2026-08-29T17:09:00+08:00,B-07-02,B-07-02-RES-2,resident,main_lobby,entry,granted
EVT-000354,2026-08-29T17:13:00+08:00,A-03-02,A-03-02-RES-2,resident,main_lobby,entry,granted
EVT-001146,2026-08-29T17:19:00+08:00,A-07-01,A-07-01-RES-1,resident,main_lobby,entry,granted
EVT-001918,2026-08-29T17:35:00+08:00,B-04-01,B-04-01-RES-3,resident,main_lobby,entry,granted
EVT-002174,2026-08-29T18:10:00+08:00,B-05-02,B-05-02-RES-1,resident,main_lobby,entry,granted
EVT-002885,2026-08-29T18:14:00+08:00,B-06-02,B-06-02-ACT-08,access_card,main_lobby,entry,granted
EVT-000802,2026-08-29T18:31:00+08:00,A-05-02,A-05-02-RES-1,resident,main_lobby,entry,granted
EVT-001304,2026-08-29T18:34:00+08:00,A-07-02,A-07-02-RES-2,resident,main_lobby,entry,granted
EVT-001000,2026-08-29T18:35:00+08:00,A-06-01,A-06-01-RES-3,resident,main_lobby,entry,granted
EVT-000546,2026-08-29T18:48:00+08:00,A-04-01,A-04-01-RES-3,resident,main_lobby,entry,granted
EVT-002789,2026-08-29T18:49:00+08:00,B-06-02,B-06-02-ACT-02,access_card,main_lobby,entry,granted
EVT-002821,2026-08-29T19:05:00+08:00,B-06-02,B-06-02-ACT-04,access_card,main_lobby,exit,granted
EVT-000948,2026-08-29T19:07:00+08:00,A-06-01,A-06-01-RES-2,resident,main_lobby,entry,granted
EVT-001454,2026-08-29T19:11:00+08:00,B-02-01,B-02-01-RES-3,resident,main_lobby,entry,granted
EVT-000702,2026-08-29T19:12:00+08:00,A-05-01,A-05-01-RES-2,resident,main_lobby,entry,granted
EVT-000044,2026-08-29T19:25:00+08:00,A-02-01,A-02-01-RES-1,resident,main_lobby,entry,granted
EVT-002432,2026-08-29T19:29:00+08:00,B-06-02,B-06-02-RES-2,resident,main_lobby,entry,granted
EVT-000450,2026-08-29T19:34:00+08:00,A-04-01,A-04-01-RES-1,resident,main_lobby,entry,granted
EVT-001050,2026-08-29T19:36:00+08:00,A-06-02,A-06-02-RES-1,resident,main_lobby,entry,granted
EVT-002805,2026-08-29T19:36:00+08:00,B-06-02,B-06-02-ACT-03,access_card,main_lobby,entry,granted
EVT-002869,2026-08-29T19:49:00+08:00,B-06-02,B-06-02-ACT-07,access_card,main_lobby,entry,granted
EVT-000202,2026-08-29T19:57:00+08:00,A-03-01,A-03-01-RES-1,resident,main_lobby,entry,granted
EVT-001094,2026-08-29T20:09:00+08:00,A-06-02,A-06-02-RES-2,resident,main_lobby,entry,granted
EVT-001764,2026-08-29T20:29:00+08:00,B-03-02,B-03-02-RES-1,resident,main_lobby,entry,granted
EVT-000902,2026-08-29T20:32:00+08:00,A-06-01,A-06-01-RES-1,resident,main_lobby,entry,granted
EVT-002546,2026-08-29T20:45:00+08:00,B-07-01,B-07-01-RES-2,resident,main_lobby,entry,granted
EVT-001550,2026-08-29T20:54:00+08:00,B-02-02,B-02-02-RES-2,resident,main_lobby,entry,granted
EVT-000496,2026-08-29T21:14:00+08:00,A-04-01,A-04-01-RES-2,resident,main_lobby,entry,granted
EVT-000150,2026-08-29T21:16:00+08:00,A-02-02,A-02-02-RES-2,resident,main_lobby,entry,granted
EVT-000748,2026-08-29T21:18:00+08:00,A-05-01,A-05-01-RES-3,resident,main_lobby,entry,granted
EVT-000300,2026-08-29T21:19:00+08:00,A-03-02,A-03-02-RES-1,resident,main_lobby,entry,granted
EVT-001602,2026-08-29T21:25:00+08:00,B-03-01,B-03-01-RES-1,resident,main_lobby,entry,granted
EVT-000248,2026-08-29T21:27:00+08:00,A-03-01,A-03-01-RES-2,resident,main_lobby,entry,granted
EVT-001812,2026-08-29T21:34:00+08:00,B-04-01,B-04-01-RES-1,resident,main_lobby,entry,granted
EVT-000600,2026-08-29T21:35:00+08:00,A-04-02,A-04-02-RES-1,resident,main_lobby,entry,granted
EVT-002602,2026-08-29T21:38:00+08:00,B-07-02,B-07-02-RES-1,resident,main_lobby,entry,granted
EVT-002334,2026-08-29T21:47:00+08:00,B-06-01,B-06-01-RES-2,resident,main_lobby,entry,granted
EVT-002226,2026-08-29T21:50:00+08:00,B-05-02,B-05-02-RES-2,resident,main_lobby,entry,granted
EVT-002492,2026-08-29T21:54:00+08:00,B-07-01,B-07-01-RES-1,resident,main_lobby,entry,granted
EVT-000398,2026-08-29T22:05:00+08:00,A-03-02,A-03-02-RES-3,resident,main_lobby,entry,granted
EVT-001864,2026-08-29T22:07:00+08:00,B-04-01,B-04-01-RES-2,resident,main_lobby,entry,granted
EVT-001202,2026-08-29T22:28:00+08:00,A-07-01,A-07-01-RES-2,resident,main_lobby,entry,granted
EVT-002124,2026-08-29T22:28:00+08:00,B-05-01,B-05-01-RES-2,resident,main_lobby,entry,granted
EVT-001972,2026-08-29T22:32:00+08:00,B-04-02,B-04-02-RES-1,resident,main_lobby,entry,granted
EVT-002384,2026-08-29T22:39:00+08:00,B-06-02,B-06-02-RES-1,resident,main_lobby,entry,granted
EVT-001354,2026-08-29T22:46:00+08:00,B-02-01,B-02-01-RES-1,resident,main_lobby,entry,granted
EVT-001147,2026-08-30T07:01:00+08:00,A-07-01,A-07-01-RES-1,resident,main_lobby,exit,granted
EVT-000099,2026-08-30T07:04:00+08:00,A-02-02,A-02-02-RES-1,resident,main_lobby,exit,granted
EVT-001257,2026-08-30T07:08:00+08:00,A-07-02,A-07-02-RES-1,resident,main_lobby,exit,granted
EVT-000547,2026-08-30T07:17:00+08:00,A-04-01,A-04-01-RES-3,resident,main_lobby,exit,granted
EVT-001305,2026-08-30T07:19:00+08:00,A-07-02,A-07-02-RES-2,resident,main_lobby,exit,granted
EVT-000249,2026-08-30T07:32:00+08:00,A-03-01,A-03-01-RES-2,resident,main_lobby,exit,granted
EVT-000651,2026-08-30T07:45:00+08:00,A-05-01,A-05-01-RES-1,resident,main_lobby,exit,granted
EVT-000399,2026-08-30T07:48:00+08:00,A-03-02,A-03-02-RES-3,resident,main_lobby,exit,granted
EVT-001865,2026-08-30T07:48:00+08:00,B-04-01,B-04-01-RES-2,resident,main_lobby,exit,granted
EVT-002603,2026-08-30T07:52:00+08:00,B-07-02,B-07-02-RES-1,resident,main_lobby,exit,granted
EVT-001551,2026-08-30T07:55:00+08:00,B-02-02,B-02-02-RES-2,resident,main_lobby,exit,granted
EVT-002335,2026-08-30T08:04:00+08:00,B-06-01,B-06-01-RES-2,resident,main_lobby,exit,granted
EVT-000301,2026-08-30T08:07:00+08:00,A-03-02,A-03-02-RES-1,resident,main_lobby,exit,granted
EVT-000203,2026-08-30T08:09:00+08:00,A-03-01,A-03-01-RES-1,resident,main_lobby,exit,granted
EVT-001765,2026-08-30T08:31:00+08:00,B-03-02,B-03-02-RES-1,resident,main_lobby,exit,granted
EVT-001355,2026-08-30T08:33:00+08:00,B-02-01,B-02-01-RES-1,resident,main_lobby,exit,granted
EVT-001603,2026-08-30T08:46:00+08:00,B-03-01,B-03-01-RES-1,resident,main_lobby,exit,granted
EVT-001813,2026-08-30T08:49:00+08:00,B-04-01,B-04-01-RES-1,resident,main_lobby,exit,granted
EVT-000703,2026-08-30T08:56:00+08:00,A-05-01,A-05-01-RES-2,resident,main_lobby,exit,granted
EVT-000355,2026-08-30T08:59:00+08:00,A-03-02,A-03-02-RES-2,resident,main_lobby,exit,granted
EVT-001501,2026-08-30T09:05:00+08:00,B-02-02,B-02-02-RES-1,resident,main_lobby,exit,granted
EVT-001455,2026-08-30T09:14:00+08:00,B-02-01,B-02-01-RES-3,resident,main_lobby,exit,granted
EVT-001001,2026-08-30T09:24:00+08:00,A-06-01,A-06-01-RES-3,resident,main_lobby,exit,granted
EVT-002655,2026-08-30T09:29:00+08:00,B-07-02,B-07-02-RES-2,resident,main_lobby,exit,granted
EVT-000851,2026-08-30T09:34:00+08:00,A-05-02,A-05-02-RES-2,resident,main_lobby,exit,granted
EVT-002433,2026-08-30T09:39:00+08:00,B-06-02,B-06-02-RES-2,resident,main_lobby,exit,granted
EVT-002754,2026-08-30T09:40:00+08:00,B-04-01,B-04-01-WK-29-3,visitor_qr,main_lobby,exit,granted
EVT-000451,2026-08-30T09:43:00+08:00,A-04-01,A-04-01-RES-1,resident,main_lobby,exit,granted
EVT-002027,2026-08-30T09:45:00+08:00,B-04-02,B-04-02-RES-2,resident,main_lobby,exit,granted
EVT-002283,2026-08-30T09:57:00+08:00,B-06-01,B-06-01-RES-1,resident,main_lobby,exit,granted
EVT-001973,2026-08-30T09:59:00+08:00,B-04-02,B-04-02-RES-1,resident,main_lobby,exit,granted
EVT-002493,2026-08-30T09:59:00+08:00,B-07-01,B-07-01-RES-1,resident,main_lobby,exit,granted
EVT-001203,2026-08-30T10:06:00+08:00,A-07-01,A-07-01-RES-2,resident,main_lobby,exit,granted
EVT-002227,2026-08-30T10:14:00+08:00,B-05-02,B-05-02-RES-2,resident,main_lobby,exit,granted
EVT-001095,2026-08-30T10:17:00+08:00,A-06-02,A-06-02-RES-2,resident,main_lobby,exit,granted
EVT-000151,2026-08-30T10:22:00+08:00,A-02-02,A-02-02-RES-2,resident,main_lobby,exit,granted
EVT-001399,2026-08-30T10:31:00+08:00,B-02-01,B-02-01-RES-2,resident,main_lobby,exit,granted
EVT-000949,2026-08-30T10:33:00+08:00,A-06-01,A-06-01-RES-2,resident,main_lobby,exit,granted
EVT-002079,2026-08-30T10:39:00+08:00,B-05-01,B-05-01-RES-1,resident,main_lobby,exit,granted
EVT-001919,2026-08-30T10:41:00+08:00,B-04-01,B-04-01-RES-3,resident,main_lobby,exit,granted
EVT-000903,2026-08-30T10:42:00+08:00,A-06-01,A-06-01-RES-1,resident,main_lobby,exit,granted
EVT-001711,2026-08-30T10:51:00+08:00,B-03-01,B-03-01-RES-3,resident,main_lobby,exit,granted
EVT-002175,2026-08-30T10:53:00+08:00,B-05-02,B-05-02-RES-1,resident,main_lobby,exit,granted
EVT-002750,2026-08-30T12:00:00+08:00,B-04-01,B-04-01-WK-29-1,visitor_qr,main_lobby,exit,granted
EVT-002752,2026-08-30T13:20:00+08:00,B-04-01,B-04-01-WK-29-2,visitor_qr,main_lobby,exit,granted
EVT-002755,2026-08-30T15:00:00+08:00,B-04-01,B-04-01-WK-30-1,visitor_qr,main_lobby,entry,granted
EVT-002757,2026-08-30T15:20:00+08:00,B-04-01,B-04-01-WK-30-2,visitor_qr,main_lobby,entry,granted
EVT-000904,2026-08-30T17:11:00+08:00,A-06-01,A-06-01-RES-1,resident,main_lobby,entry,granted
EVT-000704,2026-08-30T17:20:00+08:00,A-05-01,A-05-01-RES-2,resident,main_lobby,entry,granted
EVT-001400,2026-08-30T17:24:00+08:00,B-02-01,B-02-01-RES-2,resident,main_lobby,entry,granted
EVT-001766,2026-08-30T17:33:00+08:00,B-03-02,B-03-02-RES-1,resident,main_lobby,entry,granted
EVT-001604,2026-08-30T17:41:00+08:00,B-03-01,B-03-01-RES-1,resident,main_lobby,entry,granted
EVT-002434,2026-08-30T17:44:00+08:00,B-06-02,B-06-02-RES-2,resident,main_lobby,entry,granted
EVT-002080,2026-08-30T17:48:00+08:00,B-05-01,B-05-01-RES-1,resident,main_lobby,entry,granted
EVT-001552,2026-08-30T18:08:00+08:00,B-02-02,B-02-02-RES-2,resident,main_lobby,entry,granted
EVT-001920,2026-08-30T18:23:00+08:00,B-04-01,B-04-01-RES-3,resident,main_lobby,entry,granted
EVT-000204,2026-08-30T18:24:00+08:00,A-03-01,A-03-01-RES-1,resident,main_lobby,entry,granted
EVT-001356,2026-08-30T18:26:00+08:00,B-02-01,B-02-01-RES-1,resident,main_lobby,entry,granted
EVT-002494,2026-08-30T18:39:00+08:00,B-07-01,B-07-01-RES-1,resident,main_lobby,entry,granted
EVT-000950,2026-08-30T18:46:00+08:00,A-06-01,A-06-01-RES-2,resident,main_lobby,entry,granted
EVT-000356,2026-08-30T19:28:00+08:00,A-03-02,A-03-02-RES-2,resident,main_lobby,entry,granted
EVT-002228,2026-08-30T19:35:00+08:00,B-05-02,B-05-02-RES-2,resident,main_lobby,entry,granted
EVT-002284,2026-08-30T19:35:00+08:00,B-06-01,B-06-01-RES-1,resident,main_lobby,entry,granted
EVT-001148,2026-08-30T19:41:00+08:00,A-07-01,A-07-01-RES-1,resident,main_lobby,entry,granted
EVT-000852,2026-08-30T19:43:00+08:00,A-05-02,A-05-02-RES-2,resident,main_lobby,entry,granted
EVT-002336,2026-08-30T19:49:00+08:00,B-06-01,B-06-01-RES-2,resident,main_lobby,entry,granted
EVT-002604,2026-08-30T20:11:00+08:00,B-07-02,B-07-02-RES-1,resident,main_lobby,entry,granted
EVT-002176,2026-08-30T20:14:00+08:00,B-05-02,B-05-02-RES-1,resident,main_lobby,entry,granted
EVT-001096,2026-08-30T20:19:00+08:00,A-06-02,A-06-02-RES-2,resident,main_lobby,entry,granted
EVT-001002,2026-08-30T20:34:00+08:00,A-06-01,A-06-01-RES-3,resident,main_lobby,entry,granted
EVT-001974,2026-08-30T20:38:00+08:00,B-04-02,B-04-02-RES-1,resident,main_lobby,entry,granted
EVT-000548,2026-08-30T20:42:00+08:00,A-04-01,A-04-01-RES-3,resident,main_lobby,entry,granted
EVT-001502,2026-08-30T20:54:00+08:00,B-02-02,B-02-02-RES-1,resident,main_lobby,entry,granted
EVT-002028,2026-08-30T21:03:00+08:00,B-04-02,B-04-02-RES-2,resident,main_lobby,entry,granted
EVT-002656,2026-08-30T21:05:00+08:00,B-07-02,B-07-02-RES-2,resident,main_lobby,entry,granted
EVT-000100,2026-08-30T21:13:00+08:00,A-02-02,A-02-02-RES-1,resident,main_lobby,entry,granted
EVT-001258,2026-08-30T21:14:00+08:00,A-07-02,A-07-02-RES-1,resident,main_lobby,entry,granted
EVT-001712,2026-08-30T21:43:00+08:00,B-03-01,B-03-01-RES-3,resident,main_lobby,entry,granted
EVT-000302,2026-08-30T21:48:00+08:00,A-03-02,A-03-02-RES-1,resident,main_lobby,entry,granted
EVT-000652,2026-08-30T21:54:00+08:00,A-05-01,A-05-01-RES-1,resident,main_lobby,entry,granted
EVT-001814,2026-08-30T22:12:00+08:00,B-04-01,B-04-01-RES-1,resident,main_lobby,entry,granted
EVT-000250,2026-08-30T22:21:00+08:00,A-03-01,A-03-01-RES-2,resident,main_lobby,entry,granted
EVT-001306,2026-08-30T22:27:00+08:00,A-07-02,A-07-02-RES-2,resident,main_lobby,entry,granted
EVT-001456,2026-08-30T22:37:00+08:00,B-02-01,B-02-01-RES-3,resident,main_lobby,entry,granted
EVT-001866,2026-08-30T22:37:00+08:00,B-04-01,B-04-01-RES-2,resident,main_lobby,entry,granted
EVT-000452,2026-08-30T22:43:00+08:00,A-04-01,A-04-01-RES-1,resident,main_lobby,entry,granted
EVT-000400,2026-08-30T22:45:00+08:00,A-03-02,A-03-02-RES-3,resident,main_lobby,entry,granted
EVT-000152,2026-08-30T22:50:00+08:00,A-02-02,A-02-02-RES-2,resident,main_lobby,entry,granted
EVT-001204,2026-08-30T22:53:00+08:00,A-07-01,A-07-01-RES-2,resident,main_lobby,entry,granted
EVT-002838,2026-08-31T06:11:00+08:00,B-06-02,B-06-02-ACT-05,access_card,main_lobby,entry,granted
EVT-002756,2026-08-31T07:00:00+08:00,B-04-01,B-04-01-WK-30-1,visitor_qr,main_lobby,exit,granted
EVT-002854,2026-08-31T07:01:00+08:00,B-06-02,B-06-02-ACT-06,access_card,main_lobby,exit,granted
EVT-002337,2026-08-31T07:07:00+08:00,B-06-01,B-06-01-RES-2,resident,main_lobby,exit,granted
EVT-001357,2026-08-31T07:09:00+08:00,B-02-01,B-02-01-RES-1,resident,main_lobby,exit,granted
EVT-002657,2026-08-31T07:15:00+08:00,B-07-02,B-07-02-RES-2,resident,main_lobby,exit,granted
EVT-001867,2026-08-31T07:22:00+08:00,B-04-01,B-04-01-RES-2,resident,main_lobby,exit,granted
EVT-001097,2026-08-31T07:23:00+08:00,A-06-02,A-06-02-RES-2,resident,main_lobby,exit,granted
EVT-000153,2026-08-31T07:24:00+08:00,A-02-02,A-02-02-RES-2,resident,main_lobby,exit,granted
EVT-000601,2026-08-31T07:28:00+08:00,A-04-02,A-04-02-RES-1,resident,main_lobby,exit,granted
EVT-002886,2026-08-31T07:47:00+08:00,B-06-02,B-06-02-ACT-08,access_card,main_lobby,exit,granted
EVT-000653,2026-08-31T07:48:00+08:00,A-05-01,A-05-01-RES-1,resident,main_lobby,exit,granted
EVT-001307,2026-08-31T08:03:00+08:00,A-07-02,A-07-02-RES-2,resident,main_lobby,exit,granted
EVT-000205,2026-08-31T08:04:00+08:00,A-03-01,A-03-01-RES-1,resident,main_lobby,exit,granted
EVT-001657,2026-08-31T08:14:00+08:00,B-03-01,B-03-01-RES-2,resident,main_lobby,exit,granted
EVT-001205,2026-08-31T08:19:00+08:00,A-07-01,A-07-01-RES-2,resident,main_lobby,exit,granted
EVT-001401,2026-08-31T08:22:00+08:00,B-02-01,B-02-01-RES-2,resident,main_lobby,exit,granted
EVT-001975,2026-08-31T08:24:00+08:00,B-04-02,B-04-02-RES-1,resident,main_lobby,exit,granted
EVT-002435,2026-08-31T08:29:00+08:00,B-06-02,B-06-02-RES-2,resident,main_lobby,exit,granted
EVT-001815,2026-08-31T08:43:00+08:00,B-04-01,B-04-01-RES-1,resident,main_lobby,exit,granted
EVT-000303,2026-08-31T08:49:00+08:00,A-03-02,A-03-02-RES-1,resident,main_lobby,exit,granted
EVT-000101,2026-08-31T08:59:00+08:00,A-02-02,A-02-02-RES-1,resident,main_lobby,exit,granted
EVT-001149,2026-08-31T08:59:00+08:00,A-07-01,A-07-01-RES-1,resident,main_lobby,exit,granted
EVT-001921,2026-08-31T09:08:00+08:00,B-04-01,B-04-01-RES-3,resident,main_lobby,exit,granted
EVT-001003,2026-08-31T09:16:00+08:00,A-06-01,A-06-01-RES-3,resident,main_lobby,exit,granted
EVT-001605,2026-08-31T09:16:00+08:00,B-03-01,B-03-01-RES-1,resident,main_lobby,exit,granted
EVT-000497,2026-08-31T09:29:00+08:00,A-04-01,A-04-01-RES-2,resident,main_lobby,exit,granted
EVT-002125,2026-08-31T09:29:00+08:00,B-05-01,B-05-01-RES-2,resident,main_lobby,exit,granted
EVT-000803,2026-08-31T09:31:00+08:00,A-05-02,A-05-02-RES-1,resident,main_lobby,exit,granted
EVT-000853,2026-08-31T09:39:00+08:00,A-05-02,A-05-02-RES-2,resident,main_lobby,exit,granted
EVT-002229,2026-08-31T09:51:00+08:00,B-05-02,B-05-02-RES-2,resident,main_lobby,exit,granted
EVT-002547,2026-08-31T09:59:00+08:00,B-07-01,B-07-01-RES-2,resident,main_lobby,exit,granted
EVT-001259,2026-08-31T10:00:00+08:00,A-07-02,A-07-02-RES-1,resident,main_lobby,exit,granted
EVT-002605,2026-08-31T10:04:00+08:00,B-07-02,B-07-02-RES-1,resident,main_lobby,exit,granted
EVT-002385,2026-08-31T10:15:00+08:00,B-06-02,B-06-02-RES-1,resident,main_lobby,exit,granted
EVT-001457,2026-08-31T10:19:00+08:00,B-02-01,B-02-01-RES-3,resident,main_lobby,exit,granted
EVT-000549,2026-08-31T10:26:00+08:00,A-04-01,A-04-01-RES-3,resident,main_lobby,exit,granted
EVT-001503,2026-08-31T10:30:00+08:00,B-02-02,B-02-02-RES-1,resident,main_lobby,exit,granted
EVT-002495,2026-08-31T10:31:00+08:00,B-07-01,B-07-01-RES-1,resident,main_lobby,exit,granted
EVT-002177,2026-08-31T10:40:00+08:00,B-05-02,B-05-02-RES-1,resident,main_lobby,exit,granted
EVT-001553,2026-08-31T10:49:00+08:00,B-02-02,B-02-02-RES-2,resident,main_lobby,exit,granted
EVT-001713,2026-08-31T10:49:00+08:00,B-03-01,B-03-01-RES-3,resident,main_lobby,exit,granted
EVT-000251,2026-08-31T10:52:00+08:00,A-03-01,A-03-01-RES-2,resident,main_lobby,exit,granted
EVT-000453,2026-08-31T10:52:00+08:00,A-04-01,A-04-01-RES-1,resident,main_lobby,exit,granted
EVT-001767,2026-08-31T10:53:00+08:00,B-03-02,B-03-02-RES-1,resident,main_lobby,exit,granted
EVT-000045,2026-08-31T10:57:00+08:00,A-02-01,A-02-01-RES-1,resident,main_lobby,exit,granted
EVT-002758,2026-08-31T11:20:00+08:00,B-04-01,B-04-01-WK-30-2,visitor_qr,main_lobby,exit,granted
EVT-000804,2026-08-31T17:05:00+08:00,A-05-02,A-05-02-RES-1,resident,main_lobby,entry,granted
EVT-001816,2026-08-31T17:11:00+08:00,B-04-01,B-04-01-RES-1,resident,main_lobby,entry,granted
EVT-001206,2026-08-31T17:28:00+08:00,A-07-01,A-07-01-RES-2,resident,main_lobby,entry,granted
EVT-002548,2026-08-31T17:43:00+08:00,B-07-01,B-07-01-RES-2,resident,main_lobby,entry,granted
EVT-001260,2026-08-31T17:44:00+08:00,A-07-02,A-07-02-RES-1,resident,main_lobby,entry,granted
EVT-002870,2026-08-31T18:03:00+08:00,B-06-02,B-06-02-ACT-07,access_card,main_lobby,entry,granted
EVT-001308,2026-08-31T18:05:00+08:00,A-07-02,A-07-02-RES-2,resident,main_lobby,entry,granted
EVT-000654,2026-08-31T18:17:00+08:00,A-05-01,A-05-01-RES-1,resident,main_lobby,entry,granted
EVT-002178,2026-08-31T18:33:00+08:00,B-05-02,B-05-02-RES-1,resident,main_lobby,entry,granted
EVT-002496,2026-08-31T18:56:00+08:00,B-07-01,B-07-01-RES-1,resident,main_lobby,entry,granted
EVT-001402,2026-08-31T18:58:00+08:00,B-02-01,B-02-01-RES-2,resident,main_lobby,entry,granted
EVT-000550,2026-08-31T19:13:00+08:00,A-04-01,A-04-01-RES-3,resident,main_lobby,entry,granted
EVT-001098,2026-08-31T19:15:00+08:00,A-06-02,A-06-02-RES-2,resident,main_lobby,entry,granted
EVT-001554,2026-08-31T19:17:00+08:00,B-02-02,B-02-02-RES-2,resident,main_lobby,entry,granted
EVT-002790,2026-08-31T19:24:00+08:00,B-06-02,B-06-02-ACT-02,access_card,main_lobby,exit,granted
EVT-001004,2026-08-31T19:32:00+08:00,A-06-01,A-06-01-RES-3,resident,main_lobby,entry,granted
EVT-001714,2026-08-31T19:39:00+08:00,B-03-01,B-03-01-RES-3,resident,main_lobby,entry,granted
EVT-000102,2026-08-31T19:56:00+08:00,A-02-02,A-02-02-RES-1,resident,main_lobby,entry,granted
EVT-000252,2026-08-31T20:06:00+08:00,A-03-01,A-03-01-RES-2,resident,main_lobby,entry,granted
EVT-002774,2026-08-31T20:06:00+08:00,B-06-02,B-06-02-ACT-01,access_card,main_lobby,exit,granted
EVT-001976,2026-08-31T20:08:00+08:00,B-04-02,B-04-02-RES-1,resident,main_lobby,entry,granted
EVT-000854,2026-08-31T20:12:00+08:00,A-05-02,A-05-02-RES-2,resident,main_lobby,entry,granted
EVT-001606,2026-08-31T20:25:00+08:00,B-03-01,B-03-01-RES-1,resident,main_lobby,entry,granted
EVT-000206,2026-08-31T20:26:00+08:00,A-03-01,A-03-01-RES-1,resident,main_lobby,entry,granted
EVT-001922,2026-08-31T20:32:00+08:00,B-04-01,B-04-01-RES-3,resident,main_lobby,entry,granted
EVT-002658,2026-08-31T20:40:00+08:00,B-07-02,B-07-02-RES-2,resident,main_lobby,entry,granted
EVT-002806,2026-08-31T20:45:00+08:00,B-06-02,B-06-02-ACT-03,access_card,main_lobby,exit,granted
EVT-002230,2026-08-31T20:46:00+08:00,B-05-02,B-05-02-RES-2,resident,main_lobby,entry,granted
EVT-001504,2026-08-31T20:57:00+08:00,B-02-02,B-02-02-RES-1,resident,main_lobby,entry,granted
EVT-001868,2026-08-31T21:06:00+08:00,B-04-01,B-04-01-RES-2,resident,main_lobby,entry,granted
EVT-002606,2026-08-31T21:06:00+08:00,B-07-02,B-07-02-RES-1,resident,main_lobby,entry,granted
EVT-002386,2026-08-31T21:09:00+08:00,B-06-02,B-06-02-RES-1,resident,main_lobby,entry,granted
EVT-000154,2026-08-31T21:12:00+08:00,A-02-02,A-02-02-RES-2,resident,main_lobby,entry,granted
EVT-000304,2026-08-31T21:24:00+08:00,A-03-02,A-03-02-RES-1,resident,main_lobby,entry,granted
EVT-000046,2026-08-31T21:28:00+08:00,A-02-01,A-02-01-RES-1,resident,main_lobby,entry,granted
EVT-001768,2026-08-31T21:30:00+08:00,B-03-02,B-03-02-RES-1,resident,main_lobby,entry,granted
EVT-000602,2026-08-31T21:41:00+08:00,A-04-02,A-04-02-RES-1,resident,main_lobby,entry,granted
EVT-000498,2026-08-31T22:01:00+08:00,A-04-01,A-04-01-RES-2,resident,main_lobby,entry,granted
EVT-001658,2026-08-31T22:08:00+08:00,B-03-01,B-03-01-RES-2,resident,main_lobby,entry,granted
EVT-002126,2026-08-31T22:09:00+08:00,B-05-01,B-05-01-RES-2,resident,main_lobby,entry,granted
EVT-002822,2026-08-31T22:12:00+08:00,B-06-02,B-06-02-ACT-04,access_card,main_lobby,entry,granted
EVT-001150,2026-08-31T22:15:00+08:00,A-07-01,A-07-01-RES-1,resident,main_lobby,entry,granted
EVT-001358,2026-08-31T22:17:00+08:00,B-02-01,B-02-01-RES-1,resident,main_lobby,entry,granted
EVT-000454,2026-08-31T22:23:00+08:00,A-04-01,A-04-01-RES-1,resident,main_lobby,entry,granted
EVT-002338,2026-08-31T22:26:00+08:00,B-06-01,B-06-01-RES-2,resident,main_lobby,entry,granted
EVT-002436,2026-08-31T22:28:00+08:00,B-06-02,B-06-02-RES-2,resident,main_lobby,entry,granted
EVT-001458,2026-08-31T22:44:00+08:00,B-02-01,B-02-01-RES-3,resident,main_lobby,entry,granted
